[{"time": 1612222404, "text": "imi早上好"}, {"time": 1612222416, "text": "兄弟萌早啊"}, {"time": 1612222406, "text": "早！"}, {"time": 1612222365, "text": "好耶！！！"}, {"time": 1612222407, "text": "来了来了"}, {"time": 1612222420, "text": "伊伊宝早上好"}, {"time": 1612222421, "text": "哦哈imi！！！"}, {"time": 1612222499, "text": "早上好"}, {"time": 1612222523, "text": "早上好诶"}, {"time": 1612222500, "text": "imi早上好呀"}, {"time": 1612222513, "text": "早安wwww"}, {"time": 1612222506, "text": "早上好"}, {"time": 1612222521, "text": "早上好！！"}, {"time": 1612222496, "text": "imi早上好"}, {"time": 1612222529, "text": "早上好"}, {"time": 1612222522, "text": "imi注入了早上的快乐能量"}, {"time": 1612222509, "text": "早！！！"}, {"time": 1612222512, "text": "早上好"}, {"time": 1612222519, "text": "Imi早上好~"}, {"time": 1612222549, "text": "消失一周的早安台终于来力"}, {"time": 1612222546, "text": "居然不是奶茶，是快乐水"}, {"time": 1612222544, "text": "早"}, {"time": 1612222544, "text": "快乐水www"}, {"time": 1612222561, "text": "好久没听imi唱歌了"}, {"time": 1612222577, "text": "早早早早"}, {"time": 1612222647, "text": "早上好"}, {"time": 1612222615, "text": "等着打嗝"}, {"time": 1612222610, "text": "美好的一天从看imi开始"}, {"time": 1612222619, "text": "早上好"}, {"time": 1612222611, "text": "早上好！！！"}, {"time": 1612222615, "text": "除了可乐还吃了什么（"}, {"time": 1612222650, "text": "元气满满的一天从imi开始～(￣▽￣～)"}, {"time": 1612222606, "text": "早上好！"}, {"time": 1612222636, "text": "早上好"}, {"time": 1612222620, "text": "问题来了 吃了什么锅"}, {"time": 1612222613, "text": "有事或者累了就咕"}, {"time": 1612222643, "text": "早上不要喝凉可乐哇"}, {"time": 1612222663, "text": "?甚至空腹喝可乐"}, {"time": 1612222687, "text": "不许可乐 去喝白开水（"}, {"time": 1612222683, "text": "早"}, {"time": 1612222707, "text": "imi学习的事忙完了么"}, {"time": 1612222666, "text": "感觉好久不见了"}, {"time": 1612222706, "text": "空腹碳酸是会伤胃的"}, {"time": 1612222689, "text": "碳酸可能会伤胃？（"}, {"time": 1612222742, "text": "自己下锅一下"}, {"time": 1612222735, "text": "牺牲两片书签儿"}, {"time": 1612222767, "text": "早上好"}, {"time": 1612222774, "text": "好耶"}, {"time": 1612222733, "text": "早上好"}, {"time": 1612222743, "text": "肚子里一直都有书签的"}, {"time": 1612222774, "text": "好耶"}, {"time": 1612222825, "text": "\\Imi/\\Imi/\\Imi/\\Imi/"}, {"time": 1612222826, "text": "\\imi/\\imi/\\imi/\\imi/\\imi/\\imi/"}, {"time": 1612222808, "text": "imi早安"}, {"time": 1612222801, "text": "(｀・ω・´)"}, {"time": 1612222794, "text": "好"}, {"time": 1612222790, "text": "晚上好"}, {"time": 1612222813, "text": "早上好！！"}, {"time": 1612222798, "text": "好"}, {"time": 1612222824, "text": "保留曲目"}, {"time": 1612222873, "text": "主动变成喉糖"}, {"time": 1612222882, "text": "哇哦！"}, {"time": 1612222956, "text": "\\imi/\\imi/\\imi/\\imi/\\imi/\\imi/"}, {"time": 1612222985, "text": "正常"}, {"time": 1612222979, "text": "不小"}, {"time": 1612222990, "text": "还行"}, {"time": 1612222973, "text": "\\Imi/\\Imi/\\Imi/\\Imi/"}, {"time": 1612223051, "text": "早上好"}, {"time": 1612223057, "text": "好听好听"}, {"time": 1612223061, "text": "im早上好"}, {"time": 1612223023, "text": "\\imi/\\imi/\\imi/\\imi/\\imi/\\imi/"}, {"time": 1612223042, "text": "是早安imi"}, {"time": 1612223093, "text": "早上好"}, {"time": 1612223081, "text": "好久不见"}, {"time": 1612223087, "text": "早上好"}, {"time": 1612223096, "text": "早上能听到Imi唱歌好安心"}, {"time": 1612223096, "text": "听出来了www"}, {"time": 1612223096, "text": "我睡前你在直播，我醒了你还在直播"}, {"time": 1612223099, "text": "好听"}, {"time": 1612223092, "text": "开开嗓"}, {"time": 1612223121, "text": "云烟成雨可以"}, {"time": 1612223110, "text": "云烟成雨"}, {"time": 1612223183, "text": "口胡的歌=任何歌"}, {"time": 1612223163, "text": "容易口胡，来首rap"}, {"time": 1612223193, "text": "难以想象（"}, {"time": 1612223168, "text": "早上好"}, {"time": 1612223151, "text": "唱首容易口胡的歌"}, {"time": 1612223156, "text": "早上好"}, {"time": 1612223180, "text": "恋爱循环吧"}, {"time": 1612223154, "text": "就放飞了"}, {"time": 1612223227, "text": "直播间竟都是懂哥"}, {"time": 1612223210, "text": "i was king(bushi)"}, {"time": 1612223241, "text": "\\imi/\\imi/\\imi/\\imi/\\imi/\\imi/"}, {"time": 1612223206, "text": "我的战争("}, {"time": 1612223229, "text": "早上好"}, {"time": 1612223222, "text": "这是睡过了？"}, {"time": 1612223304, "text": "\\Imi/\\Imi/\\Imi/\\Imi/ \\Imi/\\Im"}, {"time": 1612223307, "text": "\\imi/\\imi/\\imi/\\imi/"}, {"time": 1612223305, "text": "好听"}, {"time": 1612223285, "text": "\\imi/\\imi/\\imi/\\imi/"}, {"time": 1612223264, "text": "\\Imi/\\Imi/\\Imi/\\Imi/"}, {"time": 1612223276, "text": "\\Imi/\\Imi/\\Imi/\\Imi/"}, {"time": 1612223298, "text": "\\imi/\\imi/\\imi/\\imi/"}, {"time": 1612223359, "text": "早上好好好好好好好"}, {"time": 1612223374, "text": "宝藏声音(=・ω・=)"}, {"time": 1612223337, "text": "\\imi/\\imi/\\imi/\\imi/"}, {"time": 1612223434, "text": "awsl"}, {"time": 1612223407, "text": "\\Imi/\\Imi/\\Imi/\\Imi/"}, {"time": 1612223451, "text": "88888"}, {"time": 1612223464, "text": "好听！"}, {"time": 1612223493, "text": "早上好！"}, {"time": 1612223457, "text": "好听！！"}, {"time": 1612223454, "text": "好听"}, {"time": 1612223448, "text": "好听！！"}, {"time": 1612223449, "text": "好听"}, {"time": 1612223489, "text": "唱的超棒的！"}, {"time": 1612223474, "text": "来个 恋空予报  怎么样"}, {"time": 1612223461, "text": "好汀！！！"}, {"time": 1612223463, "text": "88888888"}, {"time": 1612223507, "text": "复健水平也很好听啊"}, {"time": 1612223503, "text": "好听的啊(=・ω・=)"}, {"time": 1612223506, "text": "恋爱循环"}, {"time": 1612223503, "text": "错过了 裂开"}, {"time": 1612223505, "text": "太久没唱该唱歌复健了ww"}, {"time": 1612223527, "text": "烫嘴飞行"}, {"time": 1612223506, "text": "多唱两首找找感觉"}, {"time": 1612223518, "text": "早安imi"}, {"time": 1612223527, "text": "恋爱循环确实烫嘴"}, {"time": 1612223553, "text": "好耶"}, {"time": 1612223548, "text": "等下想听六等星之夜"}, {"time": 1612223545, "text": "好耶"}, {"time": 1612223503, "text": "刚摸完是这样的，多练一会吧(=・ω・=)"}, {"time": 1612223549, "text": "腾格尔版的恋爱循环"}, {"time": 1612223537, "text": "好耶"}, {"time": 1612223614, "text": "腾格尔版好耶"}, {"time": 1612223559, "text": "楼上魔鬼"}, {"time": 1612223662, "text": "\\imi/\\imi/\\imi/\\imi/"}, {"time": 1612223633, "text": "ロビンソン可以吗imi！"}, {"time": 1612223660, "text": "开幕口胡"}, {"time": 1612223668, "text": "\\imi/\\imi/\\imi/\\imi/"}, {"time": 1612223622, "text": "想听青色与灰"}, {"time": 1612223665, "text": "\\imi/\\imi/\\imi/\\imi/\\imi/\\imi/"}, {"time": 1612223666, "text": "弹幕都是魔鬼"}, {"time": 1612223670, "text": "\\Imi/\\Imi/\\Imi/\\Imi/"}, {"time": 1612223674, "text": "\\imi/\\imi/\\imi/\\imi/"}, {"time": 1612223639, "text": "都腾格尔了，那就腾格尔的芒种吧"}, {"time": 1612223727, "text": "太可爱了吧"}, {"time": 1612223713, "text": "\\imi/\\imi/\\imi/\\imi/"}, {"time": 1612223679, "text": "\\imi/\\imi/\\imi/\\imi/"}, {"time": 1612223712, "text": "糟糕是心动的感觉"}, {"time": 1612223707, "text": "可爱"}, {"time": 1612223711, "text": "\\imi/\\imi/\\imi/\\imi/\\imi/\\imi/"}, {"time": 1612223737, "text": "\\Imi/\\Imi/\\Imi/\\Imi/"}, {"time": 1612223778, "text": "什么朗读"}, {"time": 1612223792, "text": "早早"}, {"time": 1612223774, "text": "www"}, {"time": 1612223783, "text": "\\imi/\\imi/\\imi/\\imi/"}, {"time": 1612223748, "text": "恋爱循环，我好了"}, {"time": 1612223767, "text": "什么嘛，这不是唱的很好嘛"}, {"time": 1612223769, "text": "可爱www"}, {"time": 1612223788, "text": "令人安心的口糊"}, {"time": 1612223849, "text": "口胡好耶"}, {"time": 1612223816, "text": "\\Imi/\\Imi/\\Imi/\\Imi/"}, {"time": 1612223827, "text": "已经是立派的rapper了"}, {"time": 1612223839, "text": "这就点一首yellow"}, {"time": 1612223822, "text": "口胡循环（"}, {"time": 1612223907, "text": "virtual reader"}, {"time": 1612223893, "text": "口胡可爱"}, {"time": 1612223917, "text": "可爱"}, {"time": 1612223912, "text": "88888888888"}, {"time": 1612223929, "text": "88888"}, {"time": 1612223920, "text": "好听"}, {"time": 1612223919, "text": "8888"}, {"time": 1612223919, "text": "可爱可爱"}, {"time": 1612223941, "text": "喝口快乐水（"}, {"time": 1612223987, "text": "ロビンソン！"}, {"time": 1612223992, "text": "能点首水星之爱吗？"}, {"time": 1612224015, "text": "i was king会不会太魔鬼(滑稽)"}, {"time": 1612223985, "text": "盲唱"}, {"time": 1612223983, "text": "冠位reader"}, {"time": 1612224016, "text": "不会唱那就算了吧 没事的"}, {"time": 1612224025, "text": "灰色和青"}, {"time": 1612224055, "text": "灰色与青好诶"}, {"time": 1612224048, "text": "muamua"}, {"time": 1612224082, "text": "哟！！！"}, {"time": 1612224051, "text": "不会唱就跳过吧"}, {"time": 1612224093, "text": "《我的悲伤是水做的》"}, {"time": 1612224044, "text": "早上好！！！"}, {"time": 1612224057, "text": "花の唄(=·ω·=)"}, {"time": 1612224082, "text": "好耶"}, {"time": 1612224069, "text": "灰青 好耶"}, {"time": 1612224097, "text": "うた"}, {"time": 1612224116, "text": "呗哈哈哈哈"}, {"time": 1612224109, "text": "hanano呗www"}, {"time": 1612224098, "text": "うた"}, {"time": 1612224122, "text": "唄＝歌=うた"}, {"time": 1612224109, "text": "唄うたuta"}, {"time": 1612224105, "text": "uta"}, {"time": 1612224105, "text": "うた"}, {"time": 1612224157, "text": "听到了驴叫233"}, {"time": 1612224128, "text": "你也可以直接念花呗"}, {"time": 1612224205, "text": "www"}, {"time": 1612224204, "text": "可恶啊23333"}, {"time": 1612224172, "text": "www"}, {"time": 1612224212, "text": "哈哈哈"}, {"time": 1612224188, "text": "气抖冷，什么屑弹幕让imi笑场"}, {"time": 1612224210, "text": "\\Imi/\\Imi/\\Imi/\\Imi/"}, {"time": 1612224218, "text": "失眠赶火车吗？"}, {"time": 1612224244, "text": "卡哇伊"}, {"time": 1612224272, "text": "起飞还行"}, {"time": 1612224266, "text": "\\imi/\\imi/\\imi/\\imi/"}, {"time": 1612224267, "text": "debu滑翔"}, {"time": 1612224241, "text": "\\imi/\\imi/\\imi/\\imi/"}, {"time": 1612224246, "text": "debu飞行"}, {"time": 1612224252, "text": "好听"}, {"time": 1612224259, "text": "快点，不然赶不上起飞了（"}, {"time": 1612224331, "text": "早安"}, {"time": 1612224334, "text": "\\imi/\\imi/\\imi/\\imi/"}, {"time": 1612224313, "text": "\\imi/\\imi/\\imi/\\imi/\\imi/"}, {"time": 1612224311, "text": "\\imi/\\imi/\\imi/\\imi/"}, {"time": 1612224326, "text": "\\Imi/\\Imi/\\Imi/\\Imi/"}, {"time": 1612224329, "text": "可以点一首星间飞行吗？"}, {"time": 1612224325, "text": "imi早上好～(｀・ω・´)"}, {"time": 1612224312, "text": "弹幕都老高情商了"}, {"time": 1612224337, "text": "早(ﾟДﾟ)ﾉ"}, {"time": 1612224370, "text": "直接读也不是不可以"}, {"time": 1612224358, "text": "reader我好了"}, {"time": 1612224393, "text": "imi早上好"}, {"time": 1612224365, "text": "主播有什么绝活歌吗？"}, {"time": 1612224347, "text": "直播员声音好可爱"}, {"time": 1612224351, "text": "直播间标题改成imi晨读吧"}, {"time": 1612224353, "text": "。。直读还行"}, {"time": 1612224343, "text": "rap开始了"}, {"time": 1612224383, "text": "念白型歌姬"}, {"time": 1612224379, "text": "888888"}, {"time": 1612224348, "text": "好听好听，喝水喝水"}, {"time": 1612224355, "text": "龟龟"}, {"time": 1612224365, "text": "\\imi/\\imi/\\imi/\\imi/"}, {"time": 1612224402, "text": "要不来个最后的旅行"}, {"time": 1612224456, "text": "午安好耶"}, {"time": 1612224457, "text": "最后的旅行不错诶"}, {"time": 1612224404, "text": "可爱"}, {"time": 1612224407, "text": "可以试试YOASOBI 的夜に駆ける嘛"}, {"time": 1612224431, "text": "天之弱可以吗？"}, {"time": 1612224510, "text": "这首感觉很合适啊"}, {"time": 1612224470, "text": "imi早上好"}, {"time": 1612224473, "text": "あなたに出会わなければ~夏雪冬花~"}, {"time": 1612224485, "text": "不是每次都播到午安去了吗ww"}, {"time": 1612224469, "text": "午安imi，开演！"}, {"time": 1612224461, "text": "好耶"}, {"time": 1612224472, "text": "弹幕逐渐狠心了起来"}, {"time": 1612224463, "text": "(=・ω・=)"}, {"time": 1612224487, "text": "好诶"}, {"time": 1612224533, "text": "确实"}, {"time": 1612224537, "text": "玩  都可以玩"}, {"time": 1612224539, "text": "有半个多月没见过osu了"}, {"time": 1612224528, "text": "早上好～"}, {"time": 1612224527, "text": "玩 都可以玩"}, {"time": 1612224519, "text": "早安午安晚安，伊深伊世"}, {"time": 1612224528, "text": "确实"}, {"time": 1612224519, "text": "吓我一跳，倒杯水回来以为悲伤是水做的唱完了（"}, {"time": 1612224548, "text": "哇 早上好"}, {"time": 1612224542, "text": "osu启动"}, {"time": 1612224601, "text": "\\imi/\\imi/\\imi/\\imi/\\imi/"}, {"time": 1612224615, "text": "好听！"}, {"time": 1612224594, "text": "最近好忙，终于有空来看imi了"}, {"time": 1612224643, "text": "\\imi/\\imi/\\imi/\\imi/\\imi/\\imi/"}, {"time": 1612224684, "text": "\\imi/\\imi/\\imi/\\imi/"}, {"time": 1612224660, "text": "\\imi/\\imi/\\imi/\\imi/"}, {"time": 1612224703, "text": "\\Imi/\\Imi/\\Imi/\\Imi/"}, {"time": 1612224752, "text": "imi唱歌真的有种治愈心灵的力量"}, {"time": 1612224788, "text": "好听好听"}, {"time": 1612224759, "text": "w"}, {"time": 1612224799, "text": "泪目"}, {"time": 1612224800, "text": "老爷子直呼好听"}, {"time": 1612224810, "text": "一整天的能量都被Imi补充了www"}, {"time": 1612224806, "text": "/ // / / / / / / //"}, {"time": 1612224849, "text": "喝点热水化一化会不会好一点//"}, {"time": 1612224819, "text": "/ / / / /  / / / / / /"}, {"time": 1612224877, "text": "\\imi/\\imi/\\imi/\\imi/\\imi/\\imi/"}, {"time": 1612224853, "text": "昨天说太多话，今天还没有恢复过来吧"}, {"time": 1612224834, "text": "好听好听"}, {"time": 1612224832, "text": "怪叫清嗓子好评"}, {"time": 1612224914, "text": "すばらしい888888888888"}, {"time": 1612224888, "text": "\\imi/\\imi/\\imi/\\imi/"}, {"time": 1612224911, "text": "\\Imi/\\Imi/\\Imi/\\Imi/"}, {"time": 1612224927, "text": "88888888888888"}, {"time": 1612224912, "text": "早上好"}, {"time": 1612224988, "text": "前面还唱了口胡飞行"}, {"time": 1612224979, "text": "\\imi/\\imi/\\imi/\\imi/"}, {"time": 1612225037, "text": "是口胡imi好耶"}, {"time": 1612225039, "text": "哈哈哈哈哈哈哈nana"}, {"time": 1612225056, "text": "别尬黑，那不叫口胡，那叫歌词跟不上你"}, {"time": 1612225069, "text": "一直唱的话，嗓子要先一步倒下了"}, {"time": 1612225104, "text": "awwwwww man"}, {"time": 1612225164, "text": "/ / / / / / / / / / / /"}, {"time": 1612225129, "text": "www防伪口糊"}, {"time": 1612225174, "text": "// / / / / / / / / / /"}, {"time": 1612225171, "text": "就算看了歌词也挡不住口胡imihhh"}, {"time": 1612225161, "text": "阿巴阿巴"}, {"time": 1612225129, "text": "\\imi/\\imi/\\imi/\\imi/"}, {"time": 1612225181, "text": "(｀・ω・´)"}, {"time": 1612225182, "text": "/ / / / / / / / / / / / / /"}, {"time": 1612225270, "text": "喵"}, {"time": 1612225296, "text": "\\imi/\\imi/\\imi/\\imi/"}, {"time": 1612225325, "text": "哈哈哈哈"}, {"time": 1612225315, "text": "\\Imi/\\Imi/\\Imi/\\Imi/"}, {"time": 1612225304, "text": "\\imi/\\imi/\\imi/\\imi/"}, {"time": 1612225310, "text": "\\imi/\\imi/\\imi/\\imi/"}, {"time": 1612225352, "text": "/ / / / / / / / / / / / / / /"}, {"time": 1612225336, "text": "\\imi/\\imi/\\imi/\\imi/\\imi/\\imi/"}, {"time": 1612225398, "text": "\\imi/\\imi/\\imi/\\imi/"}, {"time": 1612225407, "text": "好听好听"}, {"time": 1612225360, "text": "/ / / / / / / / / / / / /  / /"}, {"time": 1612225404, "text": "餃子餃子88888888888888"}, {"time": 1612225417, "text": "888888 好听"}, {"time": 1612225464, "text": "休息吧，休息吧"}, {"time": 1612225468, "text": "休息一下吧"}, {"time": 1612225474, "text": "osu启动！"}, {"time": 1612225423, "text": "好可爱！"}, {"time": 1612225469, "text": "不用勉强哦"}, {"time": 1612225477, "text": "书签儿都会理解理解的"}, {"time": 1612225463, "text": "累了就别唱了"}, {"time": 1612225472, "text": "休息吧"}, {"time": 1612225436, "text": "imi会不会唱歌的时候打哈欠呢"}, {"time": 1612225431, "text": "88888888888888"}, {"time": 1612225470, "text": "来 休"}, {"time": 1612225453, "text": "唱不完的，可以先喝点可乐"}, {"time": 1612225458, "text": "kksk"}, {"time": 1612225479, "text": "冷？躲被子"}, {"time": 1612225480, "text": "跳过就行 没事的"}, {"time": 1612225537, "text": "椰楼"}, {"time": 1612225500, "text": "yellow好诶！"}, {"time": 1612225518, "text": "好的，坐等听"}, {"time": 1612225588, "text": "/ / / / / / / / / / / / /"}, {"time": 1612225580, "text": "唱得好！！"}, {"time": 1612225588, "text": "早上好imi"}, {"time": 1612225570, "text": "/ / / / / / / / / / / / / /"}, {"time": 1612225641, "text": "思考一下人生"}, {"time": 1612225630, "text": "是"}, {"time": 1612225600, "text": "光速投降"}, {"time": 1612225608, "text": "这首歌真不懂事"}, {"time": 1612225599, "text": "哈哈哈跟不上了"}, {"time": 1612225628, "text": "是哦"}, {"time": 1612225605, "text": "那就来个慢点的。。。。。"}, {"time": 1612225631, "text": "heaven's feel的一个ED"}, {"time": 1612225680, "text": "/ / / / / / / / / / / / / / /"}, {"time": 1612225669, "text": "听音乐是怜悯的味道"}, {"time": 1612225764, "text": "\\Imi/\\Imi/\\Imi/\\Imi/"}, {"time": 1612225739, "text": "水の証"}, {"time": 1612225764, "text": "我错过了失眠飞行，我的青春结束了(´；ω；`)"}, {"time": 1612225738, "text": "感觉像是没顺过词╮(￣▽￣)╭"}, {"time": 1612225780, "text": "\\Imi/\\Imi/\\Imi/\\Imi/"}, {"time": 1612225781, "text": "\\imi/\\imi/\\imi/\\imi/"}, {"time": 1612225814, "text": "。"}, {"time": 1612225800, "text": "\\imi/\\imi/\\imi/\\imi/"}, {"time": 1612225833, "text": "/ / / / / / / / / / / / / / /"}, {"time": 1612225808, "text": "/ / /  / / / / / / / /"}, {"time": 1612225829, "text": "\\imi/\\imi/\\imi/\\imi/"}, {"time": 1612225816, "text": "8888888888888"}, {"time": 1612225817, "text": "\\imi/\\imi/\\imi/\\imi/"}, {"time": 1612225875, "text": "众所周知语法错误不影响口语理解"}, {"time": 1612225870, "text": "www苦手苦手"}, {"time": 1612225874, "text": "\\imi/\\imi/\\imi/\\imi/"}, {"time": 1612225920, "text": "让我听到很多"}, {"time": 1612225929, "text": "\\Imi/\\Imi/\\Imi/\\Imi/"}, {"time": 1612225936, "text": "/ /  / / / / / / / / / / /"}, {"time": 1612225934, "text": "老爷子！"}, {"time": 1612225938, "text": "主打日语歌嘛"}, {"time": 1612225979, "text": "imi早上好！"}, {"time": 1612225991, "text": "能点首小小恋歌吗？"}, {"time": 1612226043, "text": "imi早~"}, {"time": 1612226081, "text": "小小恋歌是初见音声里哼的那个吗"}, {"time": 1612226112, "text": "osu好耶！终于能看到imi玩osu了吗"}, {"time": 1612226118, "text": "osu好耶"}, {"time": 1612226096, "text": "好久不见的osu环节"}, {"time": 1612226185, "text": "\\Imi/\\Imi/\\Imi/\\Imi/"}, {"time": 1612226208, "text": "\\imi/\\imi/\\imi/\\imi/"}, {"time": 1612226211, "text": "\\imi/\\imi/\\imi/\\imi/\\imi/\\imi/"}, {"time": 1612226244, "text": "\\imi/\\imi/\\imi/\\imi/"}, {"time": 1612226289, "text": "\\imi/\\imi/\\imi/\\imi/"}, {"time": 1612226294, "text": "口胡suki"}, {"time": 1612226271, "text": "\\Imi/\\Imi/\\Imi/\\Imi/"}, {"time": 1612226341, "text": "imi早呀～"}, {"time": 1612226356, "text": "(･∀･)哇是这首"}, {"time": 1612226363, "text": "好歌"}, {"time": 1612226347, "text": "早上好！"}, {"time": 1612226392, "text": "好耶"}, {"time": 1612226405, "text": "8888888888888"}, {"time": 1612226421, "text": "好听"}, {"time": 1612226418, "text": "我的太阳呢"}, {"time": 1612226415, "text": "888888888888"}, {"time": 1612226421, "text": "好汀好汀"}, {"time": 1612226413, "text": "好听好听"}, {"time": 1612226466, "text": "Imi 大家的太阳（"}, {"time": 1612226496, "text": "是太阳还是月亮www"}, {"time": 1612226459, "text": "imi早上好～"}, {"time": 1612226476, "text": "Imi 我们的光"}, {"time": 1612226503, "text": "imi变成光"}, {"time": 1612226593, "text": "天之弱"}, {"time": 1612226604, "text": "imi早安"}, {"time": 1612226584, "text": "什么话这说的www肯定记得啊"}, {"time": 1612226602, "text": "天の弱"}, {"time": 1612226675, "text": "\\imi/\\imi/\\imi/\\imi/\\imi/\\imi/"}, {"time": 1612226704, "text": "\\imi/\\imi/\\imi/\\imi/\\imi/\\imi/"}, {"time": 1612226698, "text": "\\Imi/\\Imi/\\Imi/\\Imi/"}, {"time": 1612226721, "text": "imi早安"}, {"time": 1612226728, "text": "\\Imi/\\Imi/\\Imi/\\Imi/"}, {"time": 1612226787, "text": "哭大声点（bushi"}, {"time": 1612226771, "text": "可爱"}, {"time": 1612226767, "text": "hhhh可爱"}, {"time": 1612226772, "text": "确实有点高hh没关系的！"}, {"time": 1612226760, "text": "www"}, {"time": 1612226754, "text": "不要勉强自己呀"}, {"time": 1612226763, "text": "(=·ω·=)"}, {"time": 1612226778, "text": "下次一定"}, {"time": 1612226770, "text": "复健是这样的"}, {"time": 1612226785, "text": "喝口水休息一下吧"}, {"time": 1612226776, "text": "2333"}, {"time": 1612226795, "text": "可爱"}, {"time": 1612226767, "text": "哈哈哈哈"}, {"time": 1612226775, "text": "可爱ww"}, {"time": 1612226762, "text": "破音suki"}, {"time": 1612226778, "text": "那就摸摸 没事的"}, {"time": 1612226768, "text": "www"}, {"time": 1612226847, "text": "www"}, {"time": 1612226816, "text": "最喜欢看小女孩哭了"}, {"time": 1612226820, "text": "可愛"}, {"time": 1612226839, "text": "《刀》"}, {"time": 1612226827, "text": "没有哦 我们只是单纯的变态"}, {"time": 1612226828, "text": "根据实际情况在S和M间切换？"}, {"time": 1612226831, "text": "这是小学男生"}, {"time": 1612226857, "text": "不许刀！"}, {"time": 1612226834, "text": "我们不是抖s，我们只是想看imi假哭"}, {"time": 1612226870, "text": "好疼；；"}, {"time": 1612226915, "text": "喝水喝水"}, {"time": 1612226910, "text": "kksk哈哈哈哈"}, {"time": 1612226867, "text": "刀"}, {"time": 1612226940, "text": "乙——醚！！！"}, {"time": 1612226964, "text": "好，damedane安排"}, {"time": 1612226943, "text": "imi的喉咙已经菠萝菠萝哒"}, {"time": 1612226936, "text": "燃尽了，不对，是炸熟了"}, {"time": 1612226963, "text": "那就来首damedane吧"}, {"time": 1612226921, "text": "www没事没事"}, {"time": 1612226943, "text": "坏女人早上好(°∀°)ﾉ"}, {"time": 1612226922, "text": "imi倒了（悲"}, {"time": 1612226926, "text": "imi倒了"}, {"time": 1612226928, "text": "ダメじゃないよー"}, {"time": 1612226959, "text": "可爱！"}, {"time": 1612226969, "text": "damedane～"}, {"time": 1612226928, "text": "休息吧www"}, {"time": 1612226937, "text": "da me da ne"}, {"time": 1612226933, "text": "だめだね だめよ"}, {"time": 1612226925, "text": "喝点水～"}, {"time": 1612226949, "text": "最终还是败北了imi"}, {"time": 1612226996, "text": "孩子知道保护嗓子了，成长了"}, {"time": 1612226978, "text": "休息一下吧"}, {"time": 1612226999, "text": "龙角散"}, {"time": 1612226982, "text": "记得吃润喉糖"}, {"time": 1612226986, "text": "それは無理しちゃだめだね"}, {"time": 1612227005, "text": "damedane～dameyo"}, {"time": 1612227031, "text": "那就休息好了唱个痛快"}, {"time": 1612226994, "text": "“唱完这个就能好聚好散了”"}, {"time": 1612227047, "text": "www"}, {"time": 1612227080, "text": "\\imi/\\imi/\\imi/\\imi/\\imi/\\imi/"}, {"time": 1612227060, "text": "三弦版小小恋歌"}, {"time": 1612227067, "text": "这怎么还噔出了口音的感觉ww"}, {"time": 1612227130, "text": "这颤音绝了"}, {"time": 1612227106, "text": "\\Imi/\\Imi/\\Imi/\\Imi/"}, {"time": 1612227147, "text": "虽然可爱 但是wwwww"}, {"time": 1612227114, "text": "\\imi/\\imi/\\imi/\\imi/\\imi/\\imi/"}, {"time": 1612227115, "text": "Σ(ﾟдﾟ;)"}, {"time": 1612227109, "text": "哈哈哈哈哈哈哈哈哈颤音是颤音"}, {"time": 1612227113, "text": "忍不住笑了一下（"}, {"time": 1612227116, "text": "锵锵锵"}, {"time": 1612227158, "text": "好耶"}, {"time": 1612227216, "text": "算了imi算了，wwwww"}, {"time": 1612227199, "text": "虽然但是 我好想笑"}, {"time": 1612227202, "text": "是熟悉的感觉"}, {"time": 1612227185, "text": "彻底放飞了"}, {"time": 1612227177, "text": "www感觉imi放的开多了"}, {"time": 1612227190, "text": "www"}, {"time": 1612227269, "text": "www"}, {"time": 1612227277, "text": "干杯！"}, {"time": 1612227237, "text": "好！"}, {"time": 1612227275, "text": "干杯ww"}, {"time": 1612227222, "text": "wwww"}, {"time": 1612227233, "text": "可以去osu了"}, {"time": 1612227226, "text": "可爱可爱喜欢喜欢"}, {"time": 1612227225, "text": "suki！！！！"}, {"time": 1612227219, "text": "可爱"}, {"time": 1612227223, "text": "大手拉小手"}, {"time": 1612227217, "text": "好 我清醒了www"}, {"time": 1612227239, "text": "理解伊下"}, {"time": 1612227243, "text": "理解理解"}, {"time": 1612227251, "text": "www"}, {"time": 1612227244, "text": "早安"}, {"time": 1612227272, "text": "听到捏易拉罐的声音"}, {"time": 1612227250, "text": "理解理解"}, {"time": 1612227246, "text": "好久没来，还是熟悉的imi"}, {"time": 1612227284, "text": "干杯！"}, {"time": 1612227316, "text": "我干了 你随意"}, {"time": 1612227332, "text": "玩 都可以玩"}, {"time": 1612227286, "text": "干杯！"}, {"time": 1612227279, "text": "干杯！"}, {"time": 1612227306, "text": "自己干，谁大早上跟你一样喝可乐啊kora"}, {"time": 1612227327, "text": "不要可乐不要可乐（"}, {"time": 1612227328, "text": "确实www"}, {"time": 1612227284, "text": "干杯"}, {"time": 1612227313, "text": " 干杯！？"}, {"time": 1612227304, "text": "干杯"}, {"time": 1612227348, "text": "imi喝的可口还是百事"}, {"time": 1612227347, "text": "一般看到干杯都是奇怪的东西"}, {"time": 1612227366, "text": "を"}, {"time": 1612227381, "text": "百事还是可口的你是要挑起战争吗"}, {"time": 1612227374, "text": "可乐好！！！"}, {"time": 1612227363, "text": "这碗泻药，我先干为敬"}, {"time": 1612227359, "text": "kora（"}, {"time": 1612227339, "text": "我随意 你干了吧"}, {"time": 1612227355, "text": "凉白开，我干了"}, {"time": 1612227352, "text": "刚醒来一口可乐提神不是很好吗"}, {"time": 1612227392, "text": "www"}, {"time": 1612227394, "text": "怎么会用ni呢（"}, {"time": 1612227418, "text": "崂山可乐yyds"}, {"time": 1612227414, "text": "挺 好 的"}, {"time": 1612227443, "text": "jojo"}, {"time": 1612227447, "text": "JOJO"}, {"time": 1612227409, "text": "かんぱい"}, {"time": 1612227408, "text": "デブになる"}, {"time": 1612227447, "text": "百事党震怒"}, {"time": 1612227427, "text": "主播是可口党"}, {"time": 1612227434, "text": "一整杯威士忌 我干了（"}, {"time": 1612227429, "text": "《也不是不能喝》"}, {"time": 1612227418, "text": "wwwwww"}, {"time": 1612227418, "text": "imi：百事能不喝就不喝"}, {"time": 1612227421, "text": "语法好难"}, {"time": 1612227458, "text": "JOJO"}, {"time": 1612227500, "text": "开始了"}, {"time": 1612227500, "text": "意思是没得选的时候不得不喝咯"}, {"time": 1612227483, "text": "喝百事？激怒了"}, {"time": 1612227494, "text": "暗示百事是二等选择"}, {"time": 1612227503, "text": "她急了她急了"}, {"time": 1612227488, "text": "百事能不喝就不喝"}, {"time": 1612227486, "text": "百事也配？"}, {"time": 1612227495, "text": "百事，狗都不喝"}, {"time": 1612227497, "text": "高速神言"}, {"time": 1612227503, "text": "imi要对书签下嘴了吗"}, {"time": 1612227501, "text": "总结：都能喝 优先可口"}, {"time": 1612227478, "text": "喝百事党w"}, {"time": 1612227504, "text": "喝百事？可口党震怒了"}, {"time": 1612227459, "text": "蝶ちょう吧（"}, {"time": 1612227504, "text": "“Pepsi只是能喝”"}, {"time": 1612227480, "text": "hhhhhhh喝我！喝我！"}, {"time": 1612227495, "text": "imi慌了"}, {"time": 1612227571, "text": "没事，咱可口的楞多"}, {"time": 1612227532, "text": "多喝热水"}, {"time": 1612227563, "text": "imi好久没打osu 应该又变强了"}, {"time": 1612227537, "text": "应该说我以后不喝可乐了"}, {"time": 1612227526, "text": "完了完了"}, {"time": 1612227556, "text": "早安可乐"}, {"time": 1612227534, "text": "可口占有率70%，放心地放弃百事，会有很多人为你而战的（"}, {"time": 1612227543, "text": "听歌卡组"}, {"time": 1612227521, "text": "永恒的战争"}, {"time": 1612227538, "text": "可以把书签全吃了   就不会有战争了"}, {"time": 1612227527, "text": "把书签都鲨了"}, {"time": 1612227535, "text": "遭了遭了"}, {"time": 1612227529, "text": "百事只配冲厕所"}, {"time": 1612227556, "text": "就用一个新的战争话题掩盖过去吧"}, {"time": 1612227626, "text": "传说每afk一段时间 就会变强一次（确信"}, {"time": 1612227579, "text": "想听無間嫉妬劇場『666』 "}, {"time": 1612227587, "text": "影分身"}, {"time": 1612227624, "text": "osu！osu！"}, {"time": 1612227794, "text": "tql"}, {"time": 1612227809, "text": "啊这"}, {"time": 1612227814, "text": "tql"}, {"time": 1612227805, "text": "强强imi"}, {"time": 1612227808, "text": "tql"}, {"time": 1612227802, "text": "这也太强了"}, {"time": 1612227810, "text": "tql 感觉mp不是imi对手"}, {"time": 1612227850, "text": "阿巴阿巴阿巴阿巴"}, {"time": 1612227821, "text": "太厉害"}, {"time": 1612227828, "text": "这手速。不愧是imi"}, {"time": 1612227869, "text": "wwww不要边打边看弹幕啊 mp就是多人"}, {"time": 1612227924, "text": "终于又看到imi打hso！力！！！"}, {"time": 1612227913, "text": "天太强了"}, {"time": 1612227919, "text": "tql"}, {"time": 1612227960, "text": "不准色imi"}, {"time": 1612227974, "text": "osu太强了"}, {"time": 1612227965, "text": "音游大佬"}, {"time": 1612228049, "text": "涩起来"}, {"time": 1612228005, "text": "哈哈哈哈哈哈哈b"}, {"time": 1612228008, "text": "？"}, {"time": 1612228014, "text": "这不比博人传热血？"}, {"time": 1612228014, "text": "餃子！！！"}, {"time": 1612228020, "text": "我想色imi的手手(°∀°)ﾉ"}, {"time": 1612228021, "text": "可以色吗"}, {"time": 1612228011, "text": "可以涩吗（"}, {"time": 1612228025, "text": "hso（"}, {"time": 1612228058, "text": "imi！居然涩起来了！"}, {"time": 1612228110, "text": "up这形象很像fgo里的刑部姬"}, {"time": 1612228061, "text": "谢谢imi，imi真好（"}, {"time": 1612228076, "text": "怪物"}, {"time": 1612228110, "text": "话说这皮肤怎么都没数字的("}, {"time": 1612228175, "text": "すごい！！"}, {"time": 1612228137, "text": "确实"}, {"time": 1612228164, "text": "ohhh这段太强了"}, {"time": 1612228172, "text": "太强了吧"}, {"time": 1612228145, "text": "（￣▽￣）"}, {"time": 1612228124, "text": "刑部姬+1"}, {"time": 1612228125, "text": "遇到叠泡泡要怎么打("}, {"time": 1612228169, "text": "强强"}, {"time": 1612228225, "text": "刑部姬是蝙蝠，imi是蝴蝶"}, {"time": 1612228210, "text": "imi是纯鼠 键鼠还是板子啊"}, {"time": 1612228178, "text": "88888888"}, {"time": 1612228217, "text": "完全叠在一起的连打，看不出来摞几个的那种("}, {"time": 1612228233, "text": "老爷子在市场调查"}, {"time": 1612228222, "text": "配色也像"}, {"time": 1612228208, "text": "老爷子怎么来了hhh"}, {"time": 1612228229, "text": "衣服也很像啊"}, {"time": 1612228188, "text": "这首曲设计的好差啊各种阴间移位点拍"}, {"time": 1612228206, "text": "其实主播就是fgo里面的刑部姬()"}, {"time": 1612228255, "text": "刑部姬是imi的前前世()"}, {"time": 1612228262, "text": "imi喜欢车万的曲子吗？stack姐的"}, {"time": 1612228238, "text": "背谱就可以了"}, {"time": 1612228248, "text": "老爷子市场调研ing"}, {"time": 1612228254, "text": "纯薯蘸番茄酱好吃("}, {"time": 1612228281, "text": "不背"}, {"time": 1612228246, "text": "主播就是刑部姬本姬，怎么啦"}, {"time": 1612228242, "text": "那刑部姬泳装拿来当imi泳装吧"}, {"time": 1612228261, "text": "像露露缇耶"}, {"time": 1612228314, "text": "动不动几千个note背个锤子("}, {"time": 1612228311, "text": "这首好好听噢"}, {"time": 1612228397, "text": "摇头好可爱"}, {"time": 1612228413, "text": "这首叫什么哇"}, {"time": 1612228415, "text": "可爱"}, {"time": 1612228462, "text": "！？"}, {"time": 1612228475, "text": "是再回！"}, {"time": 1612228422, "text": "好听您也不会 唱啊"}, {"time": 1612228513, "text": "书签儿得增加一个扒伴奏的技能点了"}, {"time": 1612228527, "text": "再会！春卷饭！"}, {"time": 1612228496, "text": "再会是梦幻共演"}, {"time": 1612228520, "text": "uru是唱希望之花那位"}, {"time": 1612228511, "text": "yoasobi"}, {"time": 1612228595, "text": "确实，书签儿该学着怎么扒伴奏了"}, {"time": 1612228641, "text": "强强强"}, {"time": 1612228611, "text": "1"}, {"time": 1612228766, "text": "imi强"}, {"time": 1612228763, "text": "强啊"}, {"time": 1612228751, "text": "强呀，歌名是啥呀"}, {"time": 1612228731, "text": "i i i i i mi！！！早早早早早早！"}, {"time": 1612228821, "text": "怪叫suki"}, {"time": 1612228790, "text": "怪叫suki"}, {"time": 1612228786, "text": "kksk"}, {"time": 1612228889, "text": "是osu，好耶"}, {"time": 1612228946, "text": "imi早呀"}, {"time": 1612228956, "text": "可以多下些歌曲"}, {"time": 1612228978, "text": "？"}, {"time": 1612228957, "text": "所以一会imi还唱吗"}, {"time": 1612229055, "text": "11111111"}, {"time": 1612229053, "text": "m2u的曲子听起来超带感的"}, {"time": 1612229069, "text": "听着好爽"}, {"time": 1612229197, "text": "鼠标吧"}, {"time": 1612229158, "text": "好棒！！"}, {"time": 1612229176, "text": "好强啊"}, {"time": 1612229186, "text": "牛"}, {"time": 1612229187, "text": "这是用的鼠标还是笔("}, {"time": 1612229194, "text": "键鼠"}, {"time": 1612229149, "text": "求鼠标"}, {"time": 1612229161, "text": "G 5 0 2"}, {"time": 1612229233, "text": "imi太强了"}, {"time": 1612229254, "text": "imi好a"}, {"time": 1612229256, "text": "233333"}, {"time": 1612229312, "text": "可以买个471"}, {"time": 1612229310, "text": "嘤国大力士"}, {"time": 1612229367, "text": "好快"}, {"time": 1612229391, "text": "HD后准确率变高了"}, {"time": 1612229422, "text": "早安imi"}, {"time": 1612229410, "text": "第三好耶"}, {"time": 1612229401, "text": "拉枪赏心悦目"}, {"time": 1612229424, "text": "有点牛"}, {"time": 1612229410, "text": "可惜"}, {"time": 1612229440, "text": "imi打fps也很强吧"}, {"time": 1612229581, "text": "记得好准"}, {"time": 1612229605, "text": "想玩这游戏"}, {"time": 1612229590, "text": "有内味"}, {"time": 1612229629, "text": "osu点ppy点sh"}, {"time": 1612229627, "text": "第三了！"}, {"time": 1612229629, "text": "imi早！"}, {"time": 1612229623, "text": "早早早！"}, {"time": 1612229623, "text": "一闪而过的ll"}, {"time": 1612229650, "text": "去这个网站下就好了"}, {"time": 1612229648, "text": "我自己玩就只能听歌用"}, {"time": 1612229664, "text": "imi强强"}, {"time": 1612229620, "text": "不知为嘛我电脑一打开就闪退"}, {"time": 1612229649, "text": "osu毕竟老游戏了，win10不一定兼容吧"}, {"time": 1612229667, "text": "兼容，我现在打mania没啥问题"}, {"time": 1612229796, "text": "888888"}, {"time": 1612229771, "text": "想要好久了，奈何条件不支持"}, {"time": 1612229796, "text": "这准度可以的呀"}, {"time": 1612229810, "text": "好耶"}, {"time": 1612229850, "text": "刚醒，imi早安zz"}, {"time": 1612229817, "text": "imi强强"}, {"time": 1612229807, "text": "好耶"}, {"time": 1612229806, "text": "强啊 888"}, {"time": 1612229799, "text": "好强啊"}, {"time": 1612229804, "text": "强强"}, {"time": 1612229808, "text": "ohhhhhhhhhhhhhhhhhh"}, {"time": 1612229803, "text": "强强"}, {"time": 1612229800, "text": "ohhh"}, {"time": 1612229805, "text": "强"}, {"time": 1612229800, "text": "强 imi 强"}, {"time": 1612229798, "text": "强强强"}, {"time": 1612229808, "text": "好耶"}, {"time": 1612229799, "text": "上手上手"}, {"time": 1612229824, "text": "ε=ε=(ノ≧∇≦)ノ"}, {"time": 1612229823, "text": "好耶"}, {"time": 1612229822, "text": "好耶好耶"}, {"time": 1612229903, "text": "早安imi"}, {"time": 1612229871, "text": "ohhhhhhhhhhhhhhhh"}, {"time": 1612229894, "text": "kksk"}, {"time": 1612229975, "text": "1mi(ss)"}, {"time": 1612229960, "text": "1mi(ss)"}, {"time": 1612229972, "text": "您有一个小姐"}, {"time": 1612229963, "text": "1miss"}, {"time": 1612229977, "text": "1mi ss"}, {"time": 1612230017, "text": "这首也想听imi唱"}, {"time": 1612229983, "text": "1miss是特色，不得不尝试"}, {"time": 1612229985, "text": "imi傻傻"}, {"time": 1612230002, "text": "v家探头～"}, {"time": 1612230077, "text": "好耶"}, {"time": 1612230045, "text": "是aya"}, {"time": 1612230057, "text": "心肺停止"}, {"time": 1612230145, "text": "Acc好高"}, {"time": 1612230120, "text": "这是谁的版本？锁那吗？"}, {"time": 1612230144, "text": " "}, {"time": 1612230139, "text": "ayaponzu"}, {"time": 1612230206, "text": "あやぽんず噢噢"}, {"time": 1612230248, "text": "是osu，好耶"}, {"time": 1612230245, "text": "这也太强了吧"}, {"time": 1612230281, "text": "锁那好耶"}, {"time": 1612230331, "text": "好厉害"}, {"time": 1612230300, "text": "锁那好耶"}, {"time": 1612230387, "text": "我把喝看成了嗝，我是没救了"}, {"time": 1612230421, "text": "高情商：有考虑过去打csgo吗"}, {"time": 1612230406, "text": "低情商：定位真厉害"}, {"time": 1612230406, "text": "可惜回家没带板子，玩不了osu了，遗憾"}, {"time": 1612230486, "text": "淦 好强"}, {"time": 1612230476, "text": "确实imi是个打枪的好苗子"}, {"time": 1612230568, "text": "imi早上好！呜呜起晚了"}, {"time": 1612230575, "text": "imi，晚安 睡觉了"}, {"time": 1612230557, "text": "四舍五入等于把谱背了"}, {"time": 1612230615, "text": "动态视力好"}, {"time": 1612230596, "text": "Kksk"}, {"time": 1612230597, "text": "kksk"}, {"time": 1612230633, "text": "imi打ow一定好厉害"}, {"time": 1612230583, "text": "tql 这个模式我完全记不住"}, {"time": 1612230589, "text": "kksk"}, {"time": 1612230635, "text": "直接用obs录"}, {"time": 1612230600, "text": "可以点一首boku no sensou嘛"}, {"time": 1612230595, "text": "kksk"}, {"time": 1612230588, "text": "kksk"}, {"time": 1612230581, "text": "imi好强"}, {"time": 1612230634, "text": "手眼协调能力"}, {"time": 1612230674, "text": "忽然发现osu可以用来练枪"}, {"time": 1612230658, "text": "ow呢来"}, {"time": 1612230666, "text": "Imi定位好强"}, {"time": 1612230665, "text": "把对面的头想象成泡泡就行了"}, {"time": 1612230666, "text": "看了一眼我自己 722pp(´；ω；`)"}, {"time": 1612230709, "text": "osu不就是练枪软件吗（"}, {"time": 1612230731, "text": "osu是练枪软件（确信）"}, {"time": 1612230731, "text": "好像打HD模式涨pp快一些"}, {"time": 1612230704, "text": "其实没用的"}, {"time": 1612230753, "text": "不，OSU是音乐播放器（"}, {"time": 1612230766, "text": "打这玩意打多了你玩别的游戏也不会有什么长进的只会降智"}, {"time": 1612230775, "text": "有点难"}, {"time": 1612230765, "text": "那是老手涨得快，毕竟一般来说hd会降准确率"}, {"time": 1612230781, "text": "www"}, {"time": 1612230781, "text": "wwwww"}, {"time": 1612230795, "text": "够顶"}, {"time": 1612230783, "text": "啊这"}, {"time": 1612230787, "text": "kksk"}, {"time": 1612230763, "text": "打地鼠一定很厉害（"}, {"time": 1612230806, "text": "hd就是你刚刚打的那个渐隐"}, {"time": 1612230783, "text": "呐！"}, {"time": 1612230851, "text": "是hidden"}, {"time": 1612230902, "text": "差点跪了"}, {"time": 1612230902, "text": "心电图突然下落"}, {"time": 1612230908, "text": "强"}, {"time": 1612230895, "text": "强强"}, {"time": 1612230983, "text": "Hhhh"}, {"time": 1612230992, "text": "从入门到放弃"}, {"time": 1612230983, "text": "wwww"}, {"time": 1612231029, "text": "《Osu:从入门到放弃》"}, {"time": 1612231049, "text": "mayday建议玩那首unrank图哦"}, {"time": 1612231084, "text": "惊了，音游人"}, {"time": 1612231158, "text": "是这样的，很真实"}, {"time": 1612231167, "text": "确实"}, {"time": 1612231126, "text": "好厉害!!"}, {"time": 1612231199, "text": "断连是游戏的一环.jpg"}, {"time": 1612231202, "text": "阿凛早上好！"}, {"time": 1612231276, "text": "我燃起来了"}, {"time": 1612231257, "text": "上午了居然！"}, {"time": 1612231250, "text": "DNA动了"}, {"time": 1612231313, "text": "怪不得怪猎反应那么快。原来是音游人"}, {"time": 1612231397, "text": "那个的谱子都好难的"}, {"time": 1612231383, "text": "反应快啊，音游练出来的背板和反应能力"}, {"time": 1612231443, "text": "我玩音游只是为了防止老年痴呆"}, {"time": 1612231462, "text": "以前我打歌姬计划和ll就是反应最快的时候"}, {"time": 1612231472, "text": "防止老年痴呆确有了帕金森(bushi"}, {"time": 1612231424, "text": "你忘记的好像还蛮多的"}, {"time": 1612231514, "text": "好强！！！！！"}, {"time": 1612231493, "text": "现在怎么都打不出全连了"}, {"time": 1612231524, "text": "无 言 sc"}, {"time": 1612231514, "text": "ohhhhh"}, {"time": 1612231535, "text": "可以的  1000pp"}, {"time": 1612231508, "text": "典中典"}, {"time": 1612231521, "text": "ohhhhhhhhh"}, {"time": 1612231529, "text": "ohhhhh"}, {"time": 1612231504, "text": "小姐你好"}, {"time": 1612231508, "text": "1miss是游戏特色"}, {"time": 1612231536, "text": "ohhhhhhhhhhhhhhhhh"}, {"time": 1612231519, "text": "好耶 恭喜imi"}, {"time": 1612231541, "text": "好耶"}, {"time": 1612231614, "text": "reol"}, {"time": 1612231715, "text": "可以理解成间距串"}, {"time": 1612231676, "text": "那里是要连打的，不要单戳哦"}, {"time": 1612231743, "text": "对，就是死掉的这里"}, {"time": 1612231815, "text": "无言sc"}, {"time": 1612231793, "text": "无言sc震撼imi"}, {"time": 1612231805, "text": "无言SC行为"}, {"time": 1612231807, "text": "震撼Imi一整年"}, {"time": 1612231804, "text": "没有哦"}, {"time": 1612231834, "text": "快进到网络幽灵"}, {"time": 1612231815, "text": "是钱包自己动了"}, {"time": 1612231815, "text": "就是没有"}, {"time": 1612231843, "text": "强强"}, {"time": 1612231941, "text": "怎么都开始发无言sc"}, {"time": 1612231945, "text": "看来大家对imi无话可说了"}, {"time": 1612231916, "text": "该更新地图了  地图有点少"}, {"time": 1612231991, "text": "是imi小姐太可爱导致我们说不出话了"}, {"time": 1612231988, "text": "你想多了"}, {"time": 1612231988, "text": "强 imi 强"}, {"time": 1612231989, "text": "什么嘛，imi还蛮强的嘛"}, {"time": 1612231998, "text": "是imi可爱"}, {"time": 1612231988, "text": "确实"}, {"time": 1612232068, "text": "傻月亮来了"}, {"time": 1612232056, "text": "看起来30sc免费了呢（"}, {"time": 1612232040, "text": "就是那种我超好**，但是不好打在sc上，就无言了"}, {"time": 1612232030, "text": "请问一下现在是SC免费吗"}, {"time": 1612232068, "text": "我懂了，30sc免费"}, {"time": 1612232123, "text": "换成单指会不会好点，虽然很累（"}, {"time": 1612232096, "text": "好绝望"}, {"time": 1612232091, "text": "快了"}, {"time": 1612232095, "text": "呐~"}, {"time": 1612232078, "text": "哇哦"}, {"time": 1612232136, "text": "强强！！"}, {"time": 1612232137, "text": "我人看傻了"}, {"time": 1612232108, "text": "快了"}, {"time": 1612232101, "text": "慢速串就是折磨啊，没办法"}, {"time": 1612232143, "text": "强强强强"}, {"time": 1612232152, "text": "tql 这种图我只有被纯折磨的份"}, {"time": 1612232194, "text": "kksk"}, {"time": 1612232190, "text": "又到这个环节了吗"}, {"time": 1612232139, "text": "哇"}, {"time": 1612232153, "text": "我看傻了"}, {"time": 1612232153, "text": "ohhhhhhhhhh！！强强imi！！"}, {"time": 1612232147, "text": "6"}, {"time": 1612232159, "text": "您单指140"}, {"time": 1612232192, "text": "www"}, {"time": 1612232161, "text": "双指才能反应过来"}, {"time": 1612232173, "text": "单戳140是吧("}, {"time": 1612232140, "text": "强"}, {"time": 1612232142, "text": "ohhhhhhhhhhhhhhh"}, {"time": 1612232182, "text": "kksk"}, {"time": 1612232205, "text": "呐呐呐"}, {"time": 1612232200, "text": "呐呐呐~"}, {"time": 1612232200, "text": "又到sc80环节了吗"}, {"time": 1612232207, "text": "又是熟悉的sc80环节"}, {"time": 1612232213, "text": "www"}, {"time": 1612232206, "text": "呐呐呐"}, {"time": 1612232201, "text": "imi声纳吗wwww"}, {"time": 1612232199, "text": "www"}, {"time": 1612232305, "text": "有个小程序可以直接下载一整年rank的图来着，可以找找看"}, {"time": 1612232345, "text": "这种慢速串我看着就头疼("}, {"time": 1612232343, "text": "目瞪口呆"}, {"time": 1612232360, "text": "Cytus2的噩梦葡萄串"}, {"time": 1612232415, "text": "键盘的嚎哭.jpg"}, {"time": 1612232431, "text": "imi用的青轴吗，听着像"}, {"time": 1612232393, "text": "鼠标寿命-100"}, {"time": 1612232486, "text": "来个直播点餐"}, {"time": 1612232497, "text": "呜呜起晚了没能看完整"}, {"time": 1612232490, "text": "osu是这样，不知不觉就过去好几个小时"}, {"time": 1612232506, "text": "记得吃饭！"}, {"time": 1612232733, "text": "是阿良"}, {"time": 1612232713, "text": "ohhhhhhhhhhhhh"}, {"time": 1612232716, "text": "夸夸！"}, {"time": 1612232723, "text": "好诶"}, {"time": 1612232730, "text": "强"}, {"time": 1612232717, "text": "好耶"}, {"time": 1612232733, "text": "imi强强"}, {"time": 1612232730, "text": "打的比我稳多了强强"}, {"time": 1612232726, "text": "imi好强"}, {"time": 1612232724, "text": "Acc有点低"}, {"time": 1612232719, "text": "强强"}, {"time": 1612232724, "text": "好棒！"}, {"time": 1612232776, "text": "阿良早上好！"}, {"time": 1612232752, "text": "是阿良"}, {"time": 1612232769, "text": "良好"}, {"time": 1612232753, "text": "早早早"}, {"time": 1612232751, "text": "双厨狂喜"}, {"time": 1612232773, "text": "良好"}, {"time": 1612232762, "text": "阿良早"}, {"time": 1612232803, "text": "当场黑屁前辈起的晚"}, {"time": 1612232802, "text": "阿良早"}, {"time": 1612232803, "text": "那imi什么时候吃"}, {"time": 1612232834, "text": "多下点地图就有的玩了"}, {"time": 1612232845, "text": "想听的没下("}, {"time": 1612232798, "text": "030"}, {"time": 1612232831, "text": "再玩一首就差不多播够3小时了"}, {"time": 1612232818, "text": "阿良又在发展翅膀吗"}, {"time": 1612232879, "text": "阿良早"}, {"time": 1612232961, "text": "强强"}, {"time": 1612232925, "text": "有这个水平基本上可以刷no title稳吃一波分了"}, {"time": 1612232966, "text": "流畅"}, {"time": 1612232971, "text": "尾杀好耶"}, {"time": 1612232972, "text": "很好了！！"}, {"time": 1612232962, "text": "tql"}, {"time": 1612232935, "text": "是我触及不到的高度"}, {"time": 1612232974, "text": "你这一点就是好.jpg"}, {"time": 1612232974, "text": "1 miss"}, {"time": 1612232948, "text": "好强"}, {"time": 1612232967, "text": "kksk"}, {"time": 1612232950, "text": "好强"}, {"time": 1612232952, "text": "哇！好恐怖"}, {"time": 1612232972, "text": "1miss"}, {"time": 1612232973, "text": "1miss"}, {"time": 1612232997, "text": "来自名字的奇怪诅咒（）"}, {"time": 1612232982, "text": "经典1miss"}, {"time": 1612232986, "text": "您有一个小姐"}, {"time": 1612232990, "text": "1miss"}, {"time": 1612232988, "text": "好痛苦"}, {"time": 1612233032, "text": "伊深1miss"}, {"time": 1612233023, "text": "imi帅帅"}, {"time": 1612233008, "text": "这首歌是Daft  Punk的吧"}, {"time": 1612233006, "text": "等变成omo就不会miss了，所以要多吃点"}, {"time": 1612232977, "text": "呐"}, {"time": 1612233011, "text": "imi苦呀希"}, {"time": 1612233065, "text": "今天早起麻将，三把一位，两把飞人"}, {"time": 1612233056, "text": "避免诅咒"}, {"time": 1612233040, "text": "怎么上来就是龙之力啊(恼"}, {"time": 1612233059, "text": "龙之力都上6星了兄弟"}, {"time": 1612233085, "text": "我记得有个人做了easy的"}, {"time": 1612233067, "text": "非常恐怖"}, {"time": 1612233114, "text": "这首歌挺经典的，应该是imi喜欢的类型"}, {"time": 1612233115, "text": "麻将挺简单的"}, {"time": 1612233104, "text": "7分钟200bpm死亡串"}, {"time": 1612233203, "text": "摸吧摸吧"}, {"time": 1612233214, "text": "我来啦！！！"}, {"time": 1612233200, "text": "原来是这首"}, {"time": 1612233215, "text": "imi辛苦啦去好好休息吧"}, {"time": 1612233202, "text": "3h了，该歇了"}, {"time": 1612233230, "text": "来 晚 了"}, {"time": 1612233253, "text": "喜欢轻摇吧估计"}, {"time": 1612233306, "text": "喜欢国摇吗"}, {"time": 1612233322, "text": "要好好吃饭！"}, {"time": 1612233289, "text": "那就晚吧"}, {"time": 1612233304, "text": "主要是我就听过龙力梦龙夜愿的，其它都不了解"}, {"time": 1612233332, "text": "像我这种歌单3000多首歌每天随机播放都不知道听的啥"}, {"time": 1612233299, "text": "Imi是不是早饭还没吃呢（"}, {"time": 1612233317, "text": "就是噪音少点  正常人听着头疼"}, {"time": 1612233305, "text": "你是真人吗？"}, {"time": 1612233322, "text": "喜欢国摇吗"}, {"time": 1612233335, "text": "肚子无奈了不叫了…"}, {"time": 1612233336, "text": "回光返照"}, {"time": 1612233349, "text": "想听它叫"}, {"time": 1612233340, "text": "快去吃饭！"}, {"time": 1612233352, "text": "胃死了"}, {"time": 1612233352, "text": "这样要饿坏的快去吃饭！！"}, {"time": 1612233362, "text": "看着好想玩啊啊啊啊啊，我为什么就没带板子回来呜呜呜"}, {"time": 1612233364, "text": "肚子放弃了"}, {"time": 1612233417, "text": "88888888"}, {"time": 1612233416, "text": "晚上见w"}, {"time": 1612233454, "text": "晚上有其他人呢"}, {"time": 1612233418, "text": "晚上见"}, {"time": 1612233439, "text": "88888888"}, {"time": 1612233409, "text": "鼠标我直接水平降低4颗星"}, {"time": 1612233427, "text": "Imi太刀强强强"}, {"time": 1612233457, "text": "吗"}, {"time": 1612233432, "text": "辛苦啦要好好休息哦~"}, {"time": 1612233424, "text": "晚上见"}, {"time": 1612233423, "text": "88888"}, {"time": 1612233422, "text": "拜拜imi晚上见！！"}, {"time": 1612233418, "text": "8888888888"}, {"time": 1612233446, "text": "(=・ω・=)"}, {"time": 1612233423, "text": "88888888"}, {"time": 1612233444, "text": "辛苦啦888888"}, {"time": 1612233428, "text": "晚上见88"}, {"time": 1612233417, "text": "88888888"}, {"time": 1612233416, "text": "晚上见"}, {"time": 1612233421, "text": "拜拜，晚上见"}, {"time": 1612233435, "text": "晚上见"}, {"time": 1612233411, "text": "晚上见"}, {"time": 1612233414, "text": "88"}, {"time": 1612233422, "text": "88888888"}, {"time": 1612233487, "text": "再见"}, {"time": 1612233461, "text": "辛苦啦"}, {"time": 1612233497, "text": "88888"}, {"time": 1612233494, "text": "8888"}, {"time": 1612233493, "text": "8888888"}, {"time": 1612233496, "text": "888"}, {"time": 1612233490, "text": "888"}, {"time": 1612233490, "text": "88"}, {"time": 1612233509, "text": "拜拜"}, {"time": 1612233472, "text": "8888"}, {"time": 1612233473, "text": "辛苦辛苦"}, {"time": 1612233500, "text": "888888"}, {"time": 1612233503, "text": "888888"}, {"time": 1612233487, "text": "晚上见"}, {"time": 1612233487, "text": "88"}, {"time": 1612233510, "text": "888888"}]