[{"time": 1612276160, "text": "来了来了，imi快开门"}, {"time": 1612276161, "text": "来了来了"}, {"time": 1612276177, "text": "来了来了"}, {"time": 1612276162, "text": "imi晚上好"}, {"time": 1612276154, "text": "打卡"}, {"time": 1612276165, "text": "来了来了"}, {"time": 1612276145, "text": "来力"}, {"time": 1612276154, "text": "(ФωФ)"}, {"time": 1612276227, "text": "来啦来啦"}, {"time": 1612276206, "text": "晚上好ww"}, {"time": 1612276297, "text": "imi晚上好呀"}, {"time": 1612276257, "text": "imi晚上好"}, {"time": 1612276253, "text": "imi晚上好！！！！！"}, {"time": 1612276274, "text": "空帮哇"}, {"time": 1612276271, "text": "imi晚上好"}, {"time": 1612276268, "text": "晚上好"}, {"time": 1612276273, "text": "imi晚上好"}, {"time": 1612276298, "text": "啊这"}, {"time": 1612276249, "text": "刚好准备了泡面"}, {"time": 1612276273, "text": "想知道imi今天是几点起来的www"}, {"time": 1612276284, "text": "imi早安台后真的有好好休息吗？"}, {"time": 1612276267, "text": "晚上好imi"}, {"time": 1612276321, "text": "imi晚上好"}, {"time": 1612276347, "text": "好好好"}, {"time": 1612276359, "text": "晚上好"}, {"time": 1612276342, "text": "直播前5小时你还在发动态，希望睡够了"}, {"time": 1612276363, "text": "imi晚上好"}, {"time": 1612276328, "text": "开了几个闹钟w"}, {"time": 1612276390, "text": "回笼觉好耶"}, {"time": 1612276379, "text": "那可以早点摸（）"}, {"time": 1612276389, "text": "imi下播一定一定要好好休息不能再累坏了哦！！"}, {"time": 1612276377, "text": "imi的作息 真的很令人担忧啊"}, {"time": 1612276389, "text": "打消果实"}, {"time": 1612276376, "text": "晚上好"}, {"time": 1612276404, "text": "imi的平行世界作息"}, {"time": 1612276365, "text": "晚上好"}, {"time": 1612276410, "text": "药拉满"}, {"time": 1612276429, "text": "直接找她热身吧（）"}, {"time": 1612276482, "text": "天才型选手imi"}, {"time": 1612276460, "text": "imi很强，冰粥也很强是强者间的对决"}, {"time": 1612276451, "text": "计划通√"}, {"time": 1612276473, "text": "一直没动静，群里都认为imi又睡过了ww"}, {"time": 1612276459, "text": "吃饭"}, {"time": 1612276477, "text": "晚上好"}, {"time": 1612276446, "text": "好耶"}, {"time": 1612276502, "text": "kksk"}, {"time": 1612276508, "text": "kksk"}, {"time": 1612276577, "text": "冰咒身上的"}, {"time": 1612276600, "text": "晚上好嗷"}, {"time": 1612276650, "text": "这里打得是前置任务"}, {"time": 1612276658, "text": "龙结晶 万恶之源("}, {"time": 1612276655, "text": "这里只是击退"}, {"time": 1612276646, "text": "这个任务还杀不了"}, {"time": 1612276661, "text": "就是个遭遇战"}, {"time": 1612276607, "text": "这不是龙结晶地的石头，是冰咒身上的鳞片"}, {"time": 1612276642, "text": "初见是在这里"}, {"time": 1612276691, "text": "带着冰甲可太好看了"}, {"time": 1612276695, "text": "冰咒龙：感觉是个很厉害的太刀侠"}, {"time": 1612276713, "text": "说起来它的装备很好看"}, {"time": 1612276761, "text": "可以重置了ww"}, {"time": 1612276732, "text": "装备特效太帅了"}, {"time": 1612276748, "text": "全空wwww"}, {"time": 1612276734, "text": "哇~"}, {"time": 1612276786, "text": "imi打怪时的叫声越来越怪了（）"}, {"time": 1612276806, "text": "好切"}, {"time": 1612276834, "text": "好切（指冰粥"}, {"time": 1612276794, "text": "我初见冰冰子的时候还没有转身衣。。被打到自闭"}, {"time": 1612276873, "text": "哈哈哈这尾巴把人挪开了"}, {"time": 1612276868, "text": "超远距离见切感觉就是浪费气"}, {"time": 1612276862, "text": "好撞"}, {"time": 1612276931, "text": "做冰镇饮料超方便"}, {"time": 1612276953, "text": "晚上好www今天也是强强！"}, {"time": 1612276919, "text": "夏天的时候真想在家里养一头冰咒龙"}, {"time": 1612276912, "text": "开始逐渐上手了"}, {"time": 1612277008, "text": "晚上好imi"}, {"time": 1612276986, "text": "要小心"}, {"time": 1612276982, "text": "怒了吐冰，尾戳都是二连"}, {"time": 1612276990, "text": "おやすいみ。好好玩儿"}, {"time": 1612277080, "text": "晚上好"}, {"time": 1612277048, "text": "这场面有点无法形容..龙哇一声，imi跟着哇一声"}, {"time": 1612277053, "text": "真的能二阶段吗"}, {"time": 1612277032, "text": "猫车警告"}, {"time": 1612277107, "text": "打熟了还是烦（"}, {"time": 1612277086, "text": "晚上好，imi"}, {"time": 1612277092, "text": "初见确实很烦"}, {"time": 1612277109, "text": "Imi已经被尾巴戳的菠萝菠萝哒了"}, {"time": 1612277104, "text": "imi晚安"}, {"time": 1612277133, "text": "刚来，猫了吗"}, {"time": 1612277130, "text": "确实烦"}, {"time": 1612277126, "text": "加油，这才一阶段"}, {"time": 1612277122, "text": "吃瘪，imi，吃瘪"}, {"time": 1612277196, "text": "太刀侠对太刀侠"}, {"time": 1612277188, "text": "可恶啊，宁愿我是冰冰子"}, {"time": 1612277168, "text": "一猫来了"}, {"time": 1612277180, "text": "帮你省略了回家的过程"}, {"time": 1612277167, "text": "猫车已打卡"}, {"time": 1612277158, "text": "好一个压起身"}, {"time": 1612277196, "text": "冰冰子yyds"}, {"time": 1612277162, "text": "cece，好快的猫ce"}, {"time": 1612277181, "text": "冰冰子yyds"}, {"time": 1612277182, "text": "这叫开个不屈更好打"}, {"time": 1612277151, "text": "imi————"}, {"time": 1612277164, "text": "Imi————"}, {"time": 1612277162, "text": "还没猫，蜜虫毅力了"}, {"time": 1612277238, "text": "会"}, {"time": 1612277220, "text": "加油啊 尾巴戳人的大姐姐"}, {"time": 1612277247, "text": "不会"}, {"time": 1612277248, "text": "我看好冰冰子"}, {"time": 1612277261, "text": "会"}, {"time": 1612277254, "text": "会"}, {"time": 1612277254, "text": "i m i 大 转 盘"}, {"time": 1612277279, "text": "猜中的油炸 猜错的清蒸 不猜的爆炒"}, {"time": 1612277265, "text": "冰冰子加油啊"}, {"time": 1612277266, "text": "我反奶可有一手了"}, {"time": 1612277292, "text": "冰粥烦得很，近了不是尾巴复读就是孕吐，远了就使劲喷"}, {"time": 1612277319, "text": "经典"}, {"time": 1612277321, "text": "晚上好"}, {"time": 1612277321, "text": "心都是冰冰的了"}, {"time": 1612277329, "text": "战术口水见切大回旋"}, {"time": 1612277400, "text": "IMI急需秘药"}, {"time": 1612277427, "text": "《优秀的ＡＩ》"}, {"time": 1612277424, "text": "妈——"}, {"time": 1612277441, "text": "尾巴会根据你位置改"}, {"time": 1612277480, "text": "打冰冰子最好不要拉开距离见切也要看好时机~~~"}, {"time": 1612277448, "text": "龙封力可能低了"}, {"time": 1612277471, "text": "会微调索敌"}, {"time": 1612277458, "text": "不是，每次尾巴戳会调整弹道"}, {"time": 1612277506, "text": "这走位比我还娴熟 堇了"}, {"time": 1612277615, "text": "欧耶，是冰呪龙"}, {"time": 1612277650, "text": "怒了才会直线喷两次"}, {"time": 1612277652, "text": "nya（）"}, {"time": 1612277637, "text": "记得磨刀"}, {"time": 1612277694, "text": "这次好像只要打40%血"}, {"time": 1612277728, "text": "这只是她不完全的状态（"}, {"time": 1612277718, "text": "不过感觉可以换装备了"}, {"time": 1612277729, "text": "二阶段开始"}, {"time": 1612277743, "text": "可以，只猫一次"}, {"time": 1612277729, "text": "好了，穿冰甲"}, {"time": 1612277700, "text": "哈哈哈，想起了当初试玩版初见冰呪龙的自己"}, {"time": 1612277737, "text": "前置一打完"}, {"time": 1612277738, "text": "出大问题"}, {"time": 1612277784, "text": "aibo一来准没好事"}, {"time": 1612277753, "text": "冰甲"}, {"time": 1612277799, "text": "对aibo是真爱"}, {"time": 1612277795, "text": "它的防具的头和这个头一模一样 高高的一个冠"}, {"time": 1612277773, "text": "好看吗，相对的是一样难"}, {"time": 1612277799, "text": "苍蓝星的铁头"}, {"time": 1612277745, "text": "冰冰子穿衣服了（）"}, {"time": 1612277776, "text": "又来拖后腿"}, {"time": 1612277799, "text": "整个营地就主角一个能打的"}, {"time": 1612277839, "text": "危 哦巴桑 危"}, {"time": 1612277819, "text": "早出现你早晕了"}, {"time": 1612277820, "text": "aibo毕竟本体是丝瓜（）"}, {"time": 1612277807, "text": "防具也好看"}, {"time": 1612277938, "text": "没事 猎人摔不死"}, {"time": 1612277938, "text": "猎人世界摔不死"}, {"time": 1612277939, "text": "没事 你想想自己平时从多高的地方往下跳就行"}, {"time": 1612277978, "text": "被黑龙吐，皮肤还会发光"}, {"time": 1612277959, "text": "从森林最高处跳下去拍拍腿就站起来了"}, {"time": 1612277962, "text": "火龙巢都能往下跳"}, {"time": 1612278017, "text": "猎人可是能扛起比自己还高大的大剑盾斧"}, {"time": 1612278030, "text": "吃瘪了半小时"}, {"time": 1612278076, "text": "会跟着你打"}, {"time": 1612278088, "text": "虚晃一枪"}, {"time": 1612278070, "text": "他尾巴会一点点的定位"}, {"time": 1612278076, "text": "后面第二次就是剑术大师猫了"}, {"time": 1612278099, "text": "温泉里泡一会"}, {"time": 1612278047, "text": "一共打3次"}, {"time": 1612278053, "text": "接下来是月辰保卫战吧？"}, {"time": 1612278127, "text": "阴阳怪气"}, {"time": 1612278141, "text": "你就是生物啊喂（）"}, {"time": 1612278160, "text": "既在说你，也在说冰粥龙"}, {"time": 1612278138, "text": "不是说你呢"}, {"time": 1612278138, "text": "晚上"}, {"time": 1612278155, "text": "妹说你"}, {"time": 1612278130, "text": "叫冰冰子快跑"}, {"time": 1612278114, "text": "这个雪质感好棒"}, {"time": 1612278160, "text": "在说冰呪龙逃走了www"}, {"time": 1612278140, "text": "好"}, {"time": 1612278135, "text": "在说冰咒龙"}, {"time": 1612278162, "text": "苍蓝星和猎人终究是不一样的生物"}, {"time": 1612278222, "text": "所以也是在说你也是在说龙"}, {"time": 1612278179, "text": "都说了"}, {"time": 1612278210, "text": "所有龙都是被伟大的存在吸引，被那个龙狩猎"}, {"time": 1612278193, "text": "因为冰粥龙就是被打跑到龙结晶之地"}, {"time": 1612278182, "text": "这龙人和我们永远不在一个频道（"}, {"time": 1612278206, "text": "然后现在又鼓起勇气回到冰原"}, {"time": 1612278208, "text": "竹荪人老谜语人了"}, {"time": 1612278323, "text": "灰溜溜的又回来了了"}, {"time": 1612278293, "text": "可以"}, {"time": 1612278310, "text": "不是很好看wwww"}, {"time": 1612278312, "text": "但是，，可能也是在龙结晶又被你打了一顿"}, {"time": 1612278310, "text": "啊这"}, {"time": 1612278452, "text": "是特殊个体"}, {"time": 1612278411, "text": "(=・ω・=)"}, {"time": 1612278451, "text": "务必带十个恶臭弹"}, {"time": 1612278417, "text": "霜漂"}, {"time": 1612278456, "text": "886"}, {"time": 1612278434, "text": "冰原特产风飘"}, {"time": 1612278467, "text": "带满dabian"}, {"time": 1612278497, "text": "刚才是？有点可爱"}, {"time": 1612278481, "text": "是连体双飘龙"}, {"time": 1612278471, "text": "imi异臭弹带满"}, {"time": 1612278491, "text": "记得别射错了（"}, {"time": 1612278484, "text": "南无三，何等无情！"}, {"time": 1612278479, "text": "一定要带满"}, {"time": 1612278486, "text": "这个会叫风飘一起打你"}, {"time": 1612278570, "text": "这个可能会听到那个恐怖的回响"}, {"time": 1612278580, "text": "你这是嗦的什么话啊"}, {"time": 1612278566, "text": "刚嗽嗓子的声音有点可爱"}, {"time": 1612278587, "text": "她可是你的aibo啊kora！"}, {"time": 1612278626, "text": "就飞最上面的"}, {"time": 1612278634, "text": "左上角那个"}, {"time": 1612278597, "text": "也许aibo在你不知道的时候被猫车推回营地了"}, {"time": 1612278620, "text": "哈哈哈哈哈哈"}, {"time": 1612278684, "text": "待会要换aibo啦,aibo要和奶奶跑了"}, {"time": 1612278668, "text": "那个是恐暴龙幼崽，晾在那里没事"}, {"time": 1612278682, "text": "左上角营地外面就是霜飘老家"}, {"time": 1612278659, "text": "在左上角"}, {"time": 1612278666, "text": "坏铝人！"}, {"time": 1612278724, "text": "苍蓝星：什么，要换aibo了，还有这种好事"}, {"time": 1612278717, "text": "现在的想法是：幸好没穿转身衣"}, {"time": 1612278753, "text": "不是这只（"}, {"time": 1612278707, "text": "对了闪光弹也要来着"}, {"time": 1612278715, "text": "加油加油！！！"}, {"time": 1612278760, "text": "错了错了）（）"}, {"time": 1612278814, "text": "它一定会追过来的而且不止一次"}, {"time": 1612278771, "text": "这个是风漂（）"}, {"time": 1612278783, "text": "看地图上带圈的"}, {"time": 1612278768, "text": "这是普通风飘，霜飘颜色很暗"}, {"time": 1612278769, "text": "这个不是目标阿"}, {"time": 1612278815, "text": "反正素材也用得到"}, {"time": 1612278782, "text": "可怜的imi被玩弄于股掌之间"}, {"time": 1612278773, "text": "凉了！！！"}, {"time": 1612278780, "text": "看小地图"}, {"time": 1612278788, "text": "普通的"}, {"time": 1612278788, "text": "打了吧，不然会一起打你"}, {"time": 1612278798, "text": "哈哈哈哈哈哈经典打错"}, {"time": 1612278783, "text": "这个是普通的"}, {"time": 1612278788, "text": "这个是阿飘，不是冰阿飘"}, {"time": 1612278798, "text": "没事一会她会打回来的）"}, {"time": 1612278777, "text": "什么，aibo要回来了？呜呜呜呜"}, {"time": 1612278840, "text": "偷袭"}, {"time": 1612278835, "text": "你好（全弹发射）"}, {"time": 1612278896, "text": "nA"}, {"time": 1612278965, "text": "闪它"}, {"time": 1612279027, "text": "双打来了"}, {"time": 1612279025, "text": "imi的便便？！"}, {"time": 1612279008, "text": "ohhhh来咯来咯"}, {"time": 1612279050, "text": "好叮"}, {"time": 1612279048, "text": "好切！"}, {"time": 1612279038, "text": "舞 蹈 家 的 双 人 舞"}, {"time": 1612279117, "text": "好生态"}, {"time": 1612279104, "text": "冰原特色"}, {"time": 1612279120, "text": "这里的温泉可以解除冰异常属性"}, {"time": 1612279118, "text": "慢慢享受"}, {"time": 1612279093, "text": "hhh"}, {"time": 1612279098, "text": "哈哈哈哈"}, {"time": 1612279110, "text": "贴贴"}, {"time": 1612279241, "text": "特别喜欢imi的wa，nA和wai"}, {"time": 1612279261, "text": "+1+1"}, {"time": 1612279271, "text": "我也喜欢"}, {"time": 1612279355, "text": "斩味绿了"}, {"time": 1612279356, "text": "磨刀，喝热饮"}, {"time": 1612279371, "text": "还有吃点食物"}, {"time": 1612279474, "text": "没有硬质不容易钩"}, {"time": 1612279539, "text": "拍脸造成的硬直没那么久，要果断点发射（）"}, {"time": 1612279535, "text": "冰牙龙是不是也是书签儿"}, {"time": 1612279510, "text": "自己转了一下"}, {"time": 1612279543, "text": "帅！"}, {"time": 1612279492, "text": "又有老哥来助攻了"}, {"time": 1612279511, "text": "冰牙龙头套摘一下"}, {"time": 1612279568, "text": "流畅"}, {"time": 1612279553, "text": "ohhhhh"}, {"time": 1612279560, "text": "帅"}, {"time": 1612279551, "text": "帅"}, {"time": 1612279572, "text": "他身体太高了"}, {"time": 1612279614, "text": "风飘见切的不错"}, {"time": 1612279615, "text": "它见切了"}, {"time": 1612279627, "text": "除了大回旋之外都挺帅的（）"}, {"time": 1612279634, "text": "牛"}, {"time": 1612279607, "text": "霜翼风漂龙见切你的大回旋"}, {"time": 1612279637, "text": "imi和霜飘都很会见切（"}, {"time": 1612279658, "text": "弹幕姬卡了吗"}, {"time": 1612279667, "text": "嗯，好像又卡了（）"}, {"time": 1612279676, "text": "咦又好了"}, {"time": 1612279752, "text": "其实带了绝路的话，不用太在意冰异常和水异常"}, {"time": 1612279760, "text": "不解都行"}, {"time": 1612279856, "text": "高强度贴贴（）"}, {"time": 1612279990, "text": "居然不是两只吗"}, {"time": 1612280077, "text": "三耐绝"}, {"time": 1612280090, "text": "整耐绝吧"}, {"time": 1612280086, "text": "耐绝珠"}, {"time": 1612280118, "text": "可以直接吧护石换上"}, {"time": 1612280085, "text": "三级耐觉"}, {"time": 1612280139, "text": "imi已经知道猫的坏处了"}, {"time": 1612280090, "text": "耐绝3"}, {"time": 1612280094, "text": "耐绝3"}, {"time": 1612280140, "text": "太刀一般不带猫"}, {"time": 1612280131, "text": "所以熟悉ai以后最好不带猫"}, {"time": 1612280087, "text": "耐绝3"}, {"time": 1612280132, "text": "所以太刀一般不带猫（）"}, {"time": 1612280155, "text": "取舍"}, {"time": 1612280152, "text": "孤独的太刀侠一般不带猫"}, {"time": 1612280157, "text": "单挑其实都不带猫的了。"}, {"time": 1612280148, "text": "太刀一般单刷都不带猫"}, {"time": 1612280146, "text": "只要不被打，就不会晕("}, {"time": 1612280215, "text": "前提是熟练之后"}, {"time": 1612280205, "text": "带猫的话，笛子会比蜜虫香好用一点"}, {"time": 1612280214, "text": "/"}, {"time": 1612280219, "text": "飞在空中的时候不用特意调整，直接发射就能打下来"}, {"time": 1612280254, "text": "蜜虫猫的复活还是开荒时最顶的"}, {"time": 1612280233, "text": "不会，猫笛最后技能不好"}, {"time": 1612280315, "text": "看着都累（"}, {"time": 1612280305, "text": "连体婴来了"}, {"time": 1612280322, "text": "这东西太烦了"}, {"time": 1612280345, "text": "打一次之后应该不会再想打的了（）"}, {"time": 1612280425, "text": "我记得后面有个四星自由是真打双飘"}, {"time": 1612280417, "text": "贴贴营业"}, {"time": 1612280415, "text": "又回到这里，绕着冰原跑一圈了"}, {"time": 1612280409, "text": "贴贴（）"}, {"time": 1612280432, "text": "他们两就像imi和书签"}, {"time": 1612280496, "text": "imi和书签可不会让人难受（"}, {"time": 1612280495, "text": "哎，等到了rise可能就不这么容易同场了"}, {"time": 1612280595, "text": "火龙那是表面夫妻（）"}, {"time": 1612280567, "text": "imi这把红刃都只开了一次"}, {"time": 1612280608, "text": "该喝第四瓶热饮了"}, {"time": 1612280600, "text": "绿帽夫妇能和风飘比吗？"}, {"time": 1612280603, "text": "连体婴儿不是浪得虚名"}, {"time": 1612280625, "text": "要比还得是XX的狞猛金银火"}, {"time": 1612280669, "text": "快35分钟了"}, {"time": 1612280641, "text": "变得更烦了()"}, {"time": 1612280641, "text": "打了四年了（）"}, {"time": 1612280628, "text": "第四瓶？这是打了多久啊"}, {"time": 1612280647, "text": "左上角时钟有啊"}, {"time": 1612280635, "text": "冰原特地改进了这个有关系的龙共处的状况"}, {"time": 1612280624, "text": "时间在流逝"}, {"time": 1612280725, "text": "这玩意大剑好打"}, {"time": 1612280704, "text": "imi体会到冰原特色了吗（"}, {"time": 1612280743, "text": "呃啊"}, {"time": 1612280701, "text": "这龙不击坠着实太烦了"}, {"time": 1612280740, "text": "这玩意19200血,imi现在这个装备2"}, {"time": 1612280782, "text": "imi加油！"}, {"time": 1612280800, "text": "给太刀排面"}, {"time": 1612280784, "text": "就是 努力 热血"}, {"time": 1612280776, "text": "正道的光"}, {"time": 1612280783, "text": "是的是的 加油"}, {"time": 1612280765, "text": "风飘本身是很适合太刀的"}, {"time": 1612280765, "text": "没事，心电图也快平了，就快过了"}, {"time": 1612280776, "text": "该做榴弹了"}, {"time": 1612280749, "text": "虫棍也好打真的"}, {"time": 1612280774, "text": "加油"}, {"time": 1612280789, "text": "太刀侠的自尊"}, {"time": 1612280780, "text": "其实太刀的体验已经比其他好不少了()"}, {"time": 1612280780, "text": "泪目"}, {"time": 1612280771, "text": "对"}, {"time": 1612280791, "text": "都给我哭（）"}, {"time": 1612280862, "text": "等自由一发穿云箭，DD来相见"}, {"time": 1612280811, "text": "太刀会报答你的"}, {"time": 1612280813, "text": "应该也快差不多能捕获了"}, {"time": 1612280809, "text": "这个东西打过之后可以不用再打了("}, {"time": 1612280829, "text": "鬼故事：自由里还有一个这种任务"}, {"time": 1612280899, "text": "没事自由可以不打啊（"}, {"time": 1612280898, "text": "自由没必要单刷"}, {"time": 1612280878, "text": "自由可以摇人啊"}, {"time": 1612280945, "text": "撞墙如果前面是这种大台阶怪会摔下去的"}, {"time": 1612280957, "text": "甩了半圈尾"}, {"time": 1612280957, "text": "贴身的时候没有伤害判定"}, {"time": 1612280948, "text": "因为没打到你"}, {"time": 1612281008, "text": "吼也能切"}, {"time": 1612281090, "text": "血亏"}, {"time": 1612281091, "text": "瘸了"}, {"time": 1612281086, "text": "经典口水硬"}, {"time": 1612281084, "text": "口水见切"}, {"time": 1612281101, "text": "♡tgy♡"}, {"time": 1612281129, "text": "恭喜imi终于过了"}, {"time": 1612281133, "text": "这鬼任务看着都累（）"}, {"time": 1612281153, "text": "因为这是tgy先生对你的爱"}, {"time": 1612281148, "text": "没事后面的就没那么难了"}, {"time": 1612281146, "text": "冰原飞龙种就是这个样子……"}, {"time": 1612281178, "text": "娜娜也很烦"}, {"time": 1612281194, "text": "娜娜可比这个好多了（"}, {"time": 1612281202, "text": "到了聚魔之地这就是日常"}, {"time": 1612281165, "text": "下一个会好点"}, {"time": 1612281181, "text": "麒麟有啥难打的（）"}, {"time": 1612281225, "text": "巨魔之地也比这任务好多了感觉（"}, {"time": 1612281276, "text": "书士队员也是猎人（）"}, {"time": 1612281246, "text": "聚魔有撤退弹呢"}, {"time": 1612281327, "text": "你看看和欧巴撒吗同期的大团长（"}, {"time": 1612281389, "text": "跟年纪没关系（）是指几期团"}, {"time": 1612281394, "text": "做饭的猫奶奶照顾过年轻的大团长"}, {"time": 1612281365, "text": "反正都是你先打  我先溜了（"}, {"time": 1612281388, "text": "老阿姨跟大团长都是一期的"}, {"time": 1612281459, "text": "mhr就治好了"}, {"time": 1612281413, "text": "哑巴工具人（"}, {"time": 1612281466, "text": "明面上叫你苍蓝星实际什么脏活累活都让你干（bushi"}, {"time": 1612281573, "text": "哈哈打出阴影了"}, {"time": 1612281559, "text": "mhr把十几年的话全说完了"}, {"time": 1612281635, "text": "什么？要台词吗"}, {"time": 1612281624, "text": "？"}, {"time": 1612281596, "text": "玄佬一直在录播找语音素材"}, {"time": 1612281613, "text": "蛮鄂亚种"}, {"time": 1612281590, "text": "mhr里话多话少还可以调"}, {"time": 1612281622, "text": "hso"}, {"time": 1612281616, "text": "？"}, {"time": 1612281616, "text": "雷鄂的头不错"}, {"time": 1612281623, "text": "？"}, {"time": 1612281627, "text": "hso"}, {"time": 1612281668, "text": "但你要花钱啊"}, {"time": 1612281656, "text": "噢，我的亲爱的imi小姐，"}, {"time": 1612281678, "text": "你不花钱她不换的"}, {"time": 1612281666, "text": "？"}, {"time": 1612281647, "text": "没事，等一个台词回（）"}, {"time": 1612281677, "text": "群里的书签可高兴了"}, {"time": 1612281663, "text": "s imi s"}, {"time": 1612281669, "text": "就这"}, {"time": 1612281652, "text": "录就怕没那味儿了"}, {"time": 1612281672, "text": "可那是恐暴龙幼体啊"}, {"time": 1612281674, "text": "啊，伊深太温柔了，主动提供语音"}, {"time": 1612281674, "text": "imi怪怪的"}, {"time": 1612281687, "text": "imi ss"}, {"time": 1612281713, "text": "前代大佬的女儿指的是aibo"}, {"time": 1612281763, "text": "吸引仇恨好手"}, {"time": 1612281763, "text": "1"}, {"time": 1612281788, "text": "等年后就可以重回大航海舰队了"}, {"time": 1612281771, "text": "好，早点摸"}, {"time": 1612281776, "text": "imi晚上好吖～"}, {"time": 1612281834, "text": "要变受苦太刀侠力"}, {"time": 1612281868, "text": "自信点，猫不了"}, {"time": 1612281871, "text": "预定一发闪电冲锋猫车"}, {"time": 1612281862, "text": "快进到动弹不得猫车"}, {"time": 1612281852, "text": "(⌒▽⌒)"}, {"time": 1612281930, "text": "转——身——衣——"}, {"time": 1612281914, "text": "有一个区地形特别搞心态"}, {"time": 1612281922, "text": "⁄(⁄ ⁄•⁄ω⁄•⁄ ⁄)⁄"}, {"time": 1612281988, "text": "李在赣神魔"}, {"time": 1612281967, "text": "怎么感觉每次都是这样"}, {"time": 1612282024, "text": "/"}, {"time": 1612282062, "text": "好叮"}, {"time": 1612282005, "text": "雷鄂这龙愤怒状态就是白给的"}, {"time": 1612282116, "text": "磨刀不误砍柴工"}, {"time": 1612282123, "text": "不戴口罩的雷颚龙"}, {"time": 1612282163, "text": "imi每一次哇都让我想到沙漠雨蛙的视频"}, {"time": 1612282137, "text": "不带猫直接变厉害了 强"}, {"time": 1612282125, "text": "挖imi切的好熟练"}, {"time": 1612282126, "text": "好居"}, {"time": 1612282239, "text": "rise的登龙"}, {"time": 1612282186, "text": "脑子里有画面了"}, {"time": 1612282243, "text": "翔虫是rise的系统了"}, {"time": 1612282207, "text": "啊，rise玩多了，看到红刃就想翔虫……"}, {"time": 1612282240, "text": "类似于钩爪"}, {"time": 1612282244, "text": "都是登龙，差别不大"}, {"time": 1612282248, "text": "登龙"}, {"time": 1612282310, "text": "(=ω=)"}, {"time": 1612282355, "text": "飞翔爪达人"}, {"time": 1612282354, "text": "喷的好不如接的好"}, {"time": 1612282360, "text": "imi————！"}, {"time": 1612282304, "text": "rise的登龙，一下顶七个大回旋"}, {"time": 1612282357, "text": "2333"}, {"time": 1612282375, "text": "雪原雨蛙"}, {"time": 1612282366, "text": "这雷颚龙太脏了"}, {"time": 1612282398, "text": "有机会再撞吧"}, {"time": 1612282366, "text": "waaaaa"}, {"time": 1612282409, "text": "没必要一定要贪这一下"}, {"time": 1612282378, "text": "你要学会倒了就在地上趴一会"}, {"time": 1612282403, "text": "能撞就撞，不过你得等他出小硬直"}, {"time": 1612282381, "text": "雷饿太刀不好打啊"}, {"time": 1612282416, "text": "有机会撞就行了，其他时间就是砍砍砍"}, {"time": 1612282469, "text": "_(:3」∠)_"}, {"time": 1612282426, "text": "你没猫勾上去它就有反钩爪动作的"}, {"time": 1612282482, "text": "好的，躲开了闪电冲锋"}, {"time": 1612282445, "text": "不要只想着消怒了就撞"}, {"time": 1612282484, "text": "好切"}, {"time": 1612282563, "text": "好撞啊"}, {"time": 1612282655, "text": "毛肚突刺"}, {"time": 1612282659, "text": "可以见切调整位置再登龙的"}, {"time": 1612282710, "text": "kksk"}, {"time": 1612282722, "text": "科普一下他喷的这个是鼻腔粘液（"}, {"time": 1612282681, "text": "这个登龙帅了"}, {"time": 1612282776, "text": "看他小动作你会看出下一招是什么"}, {"time": 1612282748, "text": "预判"}, {"time": 1612282763, "text": "这个区地形太狭窄了"}, {"time": 1612282807, "text": "居然没带猫"}, {"time": 1612282789, "text": "不要光靠随机应变硬切"}, {"time": 1612282801, "text": "一次"}, {"time": 1612282853, "text": "其实感觉imi没带猫节奏好了很多（"}, {"time": 1612282862, "text": "哇，第二次躲开了闪电冲锋"}, {"time": 1612282878, "text": "太刀带猫本来就是累赘"}, {"time": 1612282853, "text": "秘籍:六连飞扑之术"}, {"time": 1612282866, "text": "这连续飞扑6啊"}, {"time": 1612282912, "text": "睡觉去了，imi晚安"}, {"time": 1612282905, "text": "刚刚飞扑的样子好帅"}, {"time": 1612282906, "text": "飞扑接飞扑"}, {"time": 1612282962, "text": "每次飞扑都躲过了技能"}, {"time": 1612282948, "text": "从你说我还不能死开始"}, {"time": 1612282943, "text": "太刀侠就是在怪高频率的输出下才帅（"}, {"time": 1612283020, "text": "叮了吼！！！"}, {"time": 1612283030, "text": "强啊"}, {"time": 1612283041, "text": "叮的是蹬腿吧"}, {"time": 1612283076, "text": "那应该是会被吼断的呀"}, {"time": 1612283117, "text": "好帅，不带猫imi更帅了"}, {"time": 1612283089, "text": "叮吼了吧"}, {"time": 1612283139, "text": "哦哦 我看在脚下我以为叮的蹬腿"}, {"time": 1612283094, "text": "登龙下来可以接见切"}, {"time": 1612283165, "text": "还真走了？"}, {"time": 1612283173, "text": "晚上好"}, {"time": 1612283162, "text": "真的走开了也"}, {"time": 1612283173, "text": "好听话的蛮颚龙（"}, {"time": 1612283196, "text": "忘了磨刀。。。"}, {"time": 1612283227, "text": "呃啊"}, {"time": 1612283237, "text": "经典纳刀罚站"}, {"time": 1612283211, "text": "这地窄 它冲起来你不好躲"}, {"time": 1612283231, "text": "大难不死必有补刀"}, {"time": 1612283232, "text": "《谢谢你》"}, {"time": 1612283239, "text": "哈哈哈哈哈哈哈"}, {"time": 1612283212, "text": "帅"}, {"time": 1612283248, "text": "以后记得倒地就多趴会"}, {"time": 1612283248, "text": "谢谢你送我猫"}, {"time": 1612283229, "text": "imi————！"}, {"time": 1612283225, "text": "龙：好的，你点的大回旋"}, {"time": 1612283242, "text": "要任务失败了(欢喜)"}, {"time": 1612283245, "text": "要三猫了么"}, {"time": 1612283328, "text": "热饮喝了吗"}, {"time": 1612283394, "text": "不过imi打的那么强他应该也快能抓了"}, {"time": 1612283406, "text": "它找跟你决一死战的场地"}, {"time": 1612283440, "text": "我不在水里跟你打我在温泉里跟你打"}, {"time": 1612283485, "text": "确实挺弱的"}, {"time": 1612283495, "text": "话说有不屈吗 有的话可以考虑带一个"}, {"time": 1612283502, "text": "刚刚很帅，但是掩盖不了三猫"}, {"time": 1612283480, "text": "呜呜呜"}, {"time": 1612283468, "text": "绝了"}, {"time": 1612283445, "text": " "}, {"time": 1612283473, "text": "飞扑的心乱了"}, {"time": 1612283492, "text": "扑早了"}, {"time": 1612283488, "text": "裂开"}, {"time": 1612283466, "text": "好耶！！！！！"}, {"time": 1612283462, "text": "恭喜三猫"}, {"time": 1612283466, "text": "长痛"}, {"time": 1612283475, "text": "imi苦呀西~"}, {"time": 1612283473, "text": "哭呀西！"}, {"time": 1612283462, "text": "imi————！"}, {"time": 1612283480, "text": "说起来本体的三猫是交给蛮颚的（）"}, {"time": 1612283522, "text": "不带你（）"}, {"time": 1612283510, "text": "基本就是个加了点高伤新招的蛮鄂"}, {"time": 1612283543, "text": "不是，蜜虫大毅力和猫饭大毅力是两回事"}, {"time": 1612283534, "text": "别老想居了，这龙居意义不算大，蹭刀登龙"}, {"time": 1612283554, "text": "然后猫饭技能是有几率发动的，除非用餐券"}, {"time": 1612283575, "text": "餐券不是和纸一样多吗（"}, {"time": 1612283564, "text": "雷鄂和蛮鄂其实思路差不多，软脚修脚"}, {"time": 1612283603, "text": "imi他嘴里有雷的时候打头有炸膛"}, {"time": 1612283571, "text": "修脚出倒地"}, {"time": 1612283591, "text": "坦坦荡荡方为太刀之道"}, {"time": 1612283607, "text": "是好机会"}, {"time": 1612283707, "text": "帅啊"}, {"time": 1612283790, "text": "差一点点"}, {"time": 1612283790, "text": "偏了点"}, {"time": 1612283788, "text": "太远了"}, {"time": 1612283899, "text": "好帅"}, {"time": 1612283933, "text": "这下吃到就没了"}, {"time": 1612283958, "text": "tgy的加护"}, {"time": 1612284010, "text": "飞过来只冰豺狼（"}, {"time": 1612283984, "text": "惨"}, {"time": 1612284002, "text": "狼——宝——"}, {"time": 1612284014, "text": "这个龙还蛮好居的"}, {"time": 1612284091, "text": "龙车来的太突然"}, {"time": 1612284132, "text": "摸摸imi"}, {"time": 1612284130, "text": "这就是冰原啊（悲"}, {"time": 1612284144, "text": "以后迟早找它算账"}, {"time": 1612284146, "text": "woc看到只金的温泉猴"}, {"time": 1612284152, "text": "好切"}, {"time": 1612284186, "text": "戳到了，我登龙呢"}, {"time": 1612284192, "text": "争点气啊"}, {"time": 1612284170, "text": "兽龙种日常）"}, {"time": 1612284175, "text": "毛肚突刺！"}, {"time": 1612284282, "text": "还好有体力衣"}, {"time": 1612284379, "text": "这样收到的位移向侧边可以躲一部分招式"}, {"time": 1612284374, "text": "那就走位躲第一次，见切第二次吧"}, {"time": 1612284354, "text": "imi大回旋可以经常向左右砍"}, {"time": 1612284473, "text": "帅"}, {"time": 1612284470, "text": "，"}, {"time": 1612284490, "text": "又无了"}, {"time": 1612284492, "text": "雷异常很容易晕的"}, {"time": 1612284511, "text": "赠品术吧"}, {"time": 1612284494, "text": "局出硬直就灯笼吧"}, {"time": 1612284475, "text": "二连好居！！"}, {"time": 1612284466, "text": "好居！！"}, {"time": 1612284476, "text": "好居"}, {"time": 1612284495, "text": "一套带走"}, {"time": 1612284500, "text": "绝望"}, {"time": 1612284519, "text": "口嫌体正直"}, {"time": 1612284491, "text": "没事才1猫"}, {"time": 1612284556, "text": "imi下次刷一下炫鸟（上位）升级下耐绝护石吧"}, {"time": 1612284561, "text": "这样就不晕了"}, {"time": 1612284546, "text": "记得磨刀（"}, {"time": 1612284556, "text": "磨刀补药一气呵成"}, {"time": 1612284628, "text": "你转身，他也转身"}, {"time": 1612284619, "text": "砥石磨四下太慢了，打的时候基本不现实"}, {"time": 1612284584, "text": "有个活动可以刷大磨刀鳞，有空可以刷一下"}, {"time": 1612284667, "text": "喔，这也能坠机"}, {"time": 1612284672, "text": "跳跃坠机！！"}, {"time": 1612284675, "text": "炸膛了"}, {"time": 1612284865, "text": "20雷抗才能免疫雷异常"}, {"time": 1612284836, "text": "na"}, {"time": 1612284857, "text": "突然跟换了个龙似的"}, {"time": 1612284826, "text": "imi————"}, {"time": 1612284877, "text": "属抗大只有15"}, {"time": 1612284920, "text": "以及没玩过冰原问一下，猫好像没跟着……？"}, {"time": 1612284940, "text": "imi就跑开一点点他咬不到你的位置就跑这绕圈喝药就行"}, {"time": 1612284934, "text": "看来杀上位炫鸟得上日程了"}, {"time": 1612284925, "text": "拍怒了就好了，雷鄂愤怒状态很白给"}, {"time": 1612284908, "text": "你可以在地上多躺一会"}, {"time": 1612284925, "text": "要不还是带猫吧"}, {"time": 1612284901, "text": "下次带点回避性能吧"}, {"time": 1612284934, "text": "故意没带猫的（）"}, {"time": 1612284953, "text": "熟悉ai需要不短的时间"}, {"time": 1612284954, "text": "记住，视线一刻都不能离开龙"}, {"time": 1612285064, "text": "它心跳快平了，加油啊——"}, {"time": 1612285078, "text": "是剑切攻击233"}, {"time": 1612285164, "text": "言出法随伊深imi"}, {"time": 1612285135, "text": "可以抓了！！"}, {"time": 1612285138, "text": "好耶！"}, {"time": 1612285142, "text": "好耶"}, {"time": 1612285182, "text": "imi遇到这些路过的可以撞个墙收点过路费"}, {"time": 1612285205, "text": "折磨"}, {"time": 1612285215, "text": "wwwwww"}, {"time": 1612285227, "text": "确实，solo完黑龙就有了"}, {"time": 1612285226, "text": "俗称憋屈"}, {"time": 1612285214, "text": "打起来难受"}, {"time": 1612285195, "text": "23333"}, {"time": 1612285225, "text": "天零"}, {"time": 1612285211, "text": "是第二次猫的缘故吗"}, {"time": 1612285203, "text": "因为这不算啥新怪"}, {"time": 1612285225, "text": "这是太刀侠高阶的第一步（"}, {"time": 1612285232, "text": "天鳞"}, {"time": 1612285222, "text": "没事的，下回再见到它就好多了"}, {"time": 1612285207, "text": "但是imi没有带猫猫"}, {"time": 1612285197, "text": "猫多了"}, {"time": 1612285205, "text": "这个怪打起来是很难受"}, {"time": 1612285215, "text": "不急，solo完黑龙就有了"}, {"time": 1612285289, "text": "那个真的是什么时候回想起了都会兴奋的（"}, {"time": 1612285276, "text": "晕了说明被打飞多了，多躺一会就好了"}, {"time": 1612285276, "text": "雷debuff挨打后基本都晕"}, {"time": 1612285285, "text": "这种情况一般是和怪八字不合"}, {"time": 1612285303, "text": "我的回合，硬直"}, {"time": 1612285263, "text": "solo完黑龙imi会有无与伦比的成就感的"}, {"time": 1612285283, "text": "因为打怪需要熟练度"}, {"time": 1612285253, "text": "没事，这次算好好练了基本"}, {"time": 1612285350, "text": "耐绝护石强化满就可以把身上珠子卸下了"}, {"time": 1612285314, "text": "那建议常驻耐绝三"}, {"time": 1612285342, "text": "大家都是这么过来的，不必太在意"}, {"time": 1612285325, "text": "飞扑六连剪一剪"}, {"time": 1612285323, "text": "耐绝三，改变人生"}, {"time": 1612285317, "text": "耐厥3"}, {"time": 1612285423, "text": "快去休息吧！"}, {"time": 1612285408, "text": "imi辛苦了"}, {"time": 1612285412, "text": "imi辛苦啦~"}, {"time": 1612285419, "text": "？不许不困，去睡觉"}, {"time": 1612285409, "text": "摸力摸力"}, {"time": 1612285438, "text": "imi辛苦了"}, {"time": 1612285450, "text": "晚安"}, {"time": 1612285436, "text": "没事，躺床上就困了"}, {"time": 1612285461, "text": "明天见~"}, {"time": 1612285465, "text": "晚安～"}, {"time": 1612285427, "text": "imi晚安~"}, {"time": 1612285439, "text": "辛苦了，imi晚安"}, {"time": 1612285426, "text": "挥挥"}, {"time": 1612285474, "text": "晚安"}, {"time": 1612285464, "text": "晚安好梦"}, {"time": 1612285424, "text": "该补觉了"}, {"time": 1612285455, "text": "幸苦了"}, {"time": 1612285457, "text": "晚上见"}, {"time": 1612285483, "text": "晚安晚安"}, {"time": 1612285472, "text": "imi一定要好好休息哦"}, {"time": 1612285449, "text": "不累，是视觉享受"}, {"time": 1612285454, "text": "安儿啾啾"}, {"time": 1612285449, "text": "imi晚安，imi睡了我也该睡了"}, {"time": 1612285454, "text": "晚安！多多休息！"}, {"time": 1612285493, "text": "88888"}, {"time": 1612285490, "text": "88888888"}, {"time": 1612285526, "text": "晚安"}, {"time": 1612285495, "text": "晚安"}, {"time": 1612285494, "text": "晚安~~"}, {"time": 1612285504, "text": "晚安"}, {"time": 1612285520, "text": "晚安"}, {"time": 1612285518, "text": "晚安"}, {"time": 1612285555, "text": "晚安"}]